<document xmlns:xlink="http://www.w3.org/1999/xlink" xmlns:z="http://www.ebi.ac.uk/z" source="Whatizit"><text><SENT sid="0" pm="."><plain>CASE REPORT: A case of infantile cortical <z:hpo ids='HP_0100774'>hyperostosis</z:hpo> is reported in a 4-month old infant </plain></SENT>
<SENT sid="1" pm="."><plain>The disease was revealed by changes in behavior and swelling of bones </plain></SENT>
<SENT sid="2" pm="."><plain>X-rays of bones led to the correct diagnosis </plain></SENT>
<SENT sid="3" pm="."><plain>The spontaneous outcome was favorable </plain></SENT>
<SENT sid="4" pm="."><plain>CONCLUSION: The clinical, biological and radiological aspects of this disease are described in order to recognize it early </plain></SENT>
</text></document>