<document xmlns:xlink="http://www.w3.org/1999/xlink" xmlns:z="http://www.ebi.ac.uk/z" source="Whatizit"><text><SENT sid="0" pm="."><plain>The periosteal membrane covers the cortical bone except for the articular surface </plain></SENT>
<SENT sid="1" pm="."><plain>The deep layer of the periosteum contains bone-forming mesenchymal cells, capillaries, and nerves </plain></SENT>
<SENT sid="2" pm="."><plain>This layer is more active in infants than in adults </plain></SENT>
<SENT sid="3" pm="."><plain><z:chebi fb="11" ids="26333">Prostaglandin</z:chebi> <z:e sem="disease" ids="C0419203,C0005940" disease_type="Health Care Activity;Disease or Syndrome" abbrv="">osteopathy</z:e>, infantile cortical <z:hpo ids='HP_0100774'>hyperostosis</z:hpo>, <z:e sem="disease" ids="C0342951" disease_type="Disease or Syndrome" abbrv="">hypervitaminosis</z:e> A, and <z:e sem="disease" ids="C0039131" disease_type="Disease or Syndrome" abbrv="">congenital syphilis</z:e> are examples of <z:e sem="disease" ids="C0031111" disease_type="Disease or Syndrome" abbrv="">periostitis</z:e> in infants </plain></SENT>
<SENT sid="4" pm="."><plain>Incidental asymptomatic periosteal reactions are usually either physiological changes or cortical bone irregularities simulating <z:e sem="disease" ids="C0031111" disease_type="Disease or Syndrome" abbrv="">periostitis</z:e> </plain></SENT>
<SENT sid="5" pm="."><plain>On the other hand, symptomatic periosteal reactions of single bone, such as <z:e sem="disease" ids="C0005967" disease_type="Neoplastic Process" abbrv="">bone tumor</z:e>, <z:e sem="disease" ids="C0027651" disease_type="Neoplastic Process" abbrv="">tumor</z:e>-like lesion, <z:e sem="disease" ids="C0021311,C0009450" disease_type="Disease or Syndrome" abbrv="">infection</z:e>, and trauma, are always pathologic </plain></SENT>
<SENT sid="6" pm="."><plain>Careful radiological analysis of periosteal reactions is needed to evaluate the activity and <z:hpo ids='HP_0000718'>aggressiveness</z:hpo> of the lesions </plain></SENT>
<SENT sid="7" pm="."><plain>Periosteal reactions of multiple bones usually show solid smooth or undulating patterns </plain></SENT>
<SENT sid="8" pm="."><plain>They include <z:e sem="disease" ids="C0029411" disease_type="Disease or Syndrome" abbrv="">pachydermoperiostosis</z:e>, <z:e sem="disease" ids="C0029412" disease_type="Disease or Syndrome" abbrv="">secondary hypertrophic osteoarthropathy</z:e>, vascular insufficiency, <z:e sem="disease" ids="C0035086" disease_type="Disease or Syndrome" abbrv="">renal osteodystrophy</z:e>, and <z:e sem="disease" ids="C0342555" disease_type="Disease or Syndrome" abbrv="">thyroid acropachy</z:e> </plain></SENT>
<SENT sid="9" pm="."><plain>These are usually skeletal manifestations of systemic disorders </plain></SENT>
</text></document>