<document xmlns:xlink="http://www.w3.org/1999/xlink" xmlns:z="http://www.ebi.ac.uk/z" source="Whatizit"><text><SENT sid="0" pm="."><plain>A boy, age 12 years, who had infantile cortical <z:hpo ids='HP_0100774'>hyperostosis</z:hpo> has continued to have occasional aches and new cortical thickenings in his arms and legs </plain></SENT>
<SENT sid="1" pm="."><plain>His mandible is undergrown and his ribs have an abnormal slope </plain></SENT>
<SENT sid="2" pm="."><plain>Recurrence of <z:e sem="disease" ids="C0020497" disease_type="Disease or Syndrome" abbrv="">Caffey</z:e>'s cortical <z:hpo ids='HP_0100774'>hyperostosis</z:hpo> and persistent deformity have been observed in other children and young adults </plain></SENT>
<SENT sid="3" pm="."><plain>Some unexplained cases of late cortical thickening and pain may be due to <z:e sem="disease" ids="C0020497" disease_type="Disease or Syndrome" abbrv="">Caffey's disease</z:e> </plain></SENT>
</text></document>