<document xmlns:xlink="http://www.w3.org/1999/xlink" xmlns:z="http://www.ebi.ac.uk/z" source="Whatizit"><text><SENT sid="0" pm="."><plain>Twenty-nine cases of infantile cortical <z:hpo ids='HP_0100774'>hyperostosis</z:hpo> with a wide range of bone involvement are reviewed </plain></SENT>
<SENT sid="1" pm="."><plain>Soft tissue painful swellings began before roentgenographic changes appeared in the underlying bone </plain></SENT>
<SENT sid="2" pm="."><plain>In 17 babies gradual involvement of different bones was noted </plain></SENT>
<SENT sid="3" pm="."><plain>In seven cases lesions previously healed became reactivated </plain></SENT>
<SENT sid="4" pm="."><plain>The disease is self-limiting and appears in a narrow age group </plain></SENT>
<SENT sid="5" pm="."><plain>Mandibular involvement is most common </plain></SENT>
<SENT sid="6" pm="."><plain>The clinical picture and laboratory data are reported </plain></SENT>
<SENT sid="7" pm="."><plain>Differential diagnosis and possible etiological factors are discussed </plain></SENT>
<SENT sid="8" pm="."><plain>The similarity of infantile cortical <z:hpo ids='HP_0100774'>hyperostosis</z:hpo> to extreme periosteal new bone formation in response to trauma in sensorily deprived children is suggested as a possible etiological factor </plain></SENT>
</text></document>