<document xmlns:xlink="http://www.w3.org/1999/xlink" xmlns:z="http://www.ebi.ac.uk/z" source="Whatizit"><text><SENT sid="0" pm="."><plain>Infantile cortical hyperosteosis (<z:e sem="disease" ids="AmbiguousAbbrv" disease_type="AmbiguousAbbrv" abbrv="ambiguous">ICH</z:e>) is usually a self-limited disease of infancy with bony changes, soft tissue swelling, <z:hpo ids='HP_0001945'>fever</z:hpo>, <z:hpo ids='HP_0000737'>irritability</z:hpo>, decreased appetite, and decreased movement of the affected bones </plain></SENT>
<SENT sid="1" pm="."><plain>Its description in isolated patients or in multiple members of families suggests the existence of two different forms, namely a <z:hpo ids='HP_0003745'>sporadic</z:hpo> form and a familial form with <z:hpo ids='HP_0003829'>incomplete penetrance</z:hpo> </plain></SENT>
<SENT sid="2" pm="."><plain>In this article, we report a 2.5-month-old girl with <z:e sem="disease" ids="AmbiguousAbbrv" disease_type="AmbiguousAbbrv" abbrv="ambiguous">ICH</z:e> of <z:hpo ids='HP_0003745'>sporadic</z:hpo> form, due to unusual presentation </plain></SENT>
</text></document>