<document xmlns:xlink="http://www.w3.org/1999/xlink" xmlns:z="http://www.ebi.ac.uk/z" source="Whatizit"><text><SENT sid="0" pm="."><plain>We describe a <z:hpo ids='HP_0003745'>sporadic</z:hpo> case of lethal prenatal <z:hpo ids='HP_0003674'>onset</z:hpo> infantile cortical <z:hpo ids='HP_0100774'>hyperostosis</z:hpo> (<z:e sem="disease" ids="C0020497" disease_type="Disease or Syndrome" abbrv="">Caffey disease</z:e>), which resulted in early postnatal <z:hpo ids='HP_0011420'>death</z:hpo> at 30 weeks gestation </plain></SENT>
<SENT sid="1" pm="."><plain>The mother presented with antepartum haemorrhage and <z:e sem="disease" ids="C0022876" disease_type="Disease or Syndrome" abbrv="">preterm labour</z:e> </plain></SENT>
<SENT sid="2" pm="."><plain>She was found to have <z:hpo ids='HP_0001561'>polyhydramnios</z:hpo> </plain></SENT>
<SENT sid="3" pm="."><plain>The infant showed extensive symmetrical diaphyseal subperiosteal cortical thickening throughout the skeleton with short extremities </plain></SENT>
<SENT sid="4" pm="."><plain><z:hpo ids='HP_0002240'>Hepatomegaly</z:hpo> and <z:hpo ids='HP_0002089'>lung hypoplasia</z:hpo> were present </plain></SENT>
<SENT sid="5" pm="."><plain>Currently, in the absence of a specific marker, diagnostic ultrasound offers the only prospect of prenatal diagnosis </plain></SENT>
<SENT sid="6" pm="."><plain>This diagnosis should be considered in infants with short angulated long bones, where the diaphyses are irregular and echodense, and where there is no sign of fractures </plain></SENT>
</text></document>