<document xmlns:xlink="http://www.w3.org/1999/xlink" xmlns:z="http://www.ebi.ac.uk/z" source="Whatizit"><text><SENT sid="0" pm="."><plain>INTRODUCTION: The discovery of a jugular tumefaction in an infant evokes several diseases </plain></SENT>
<SENT sid="1" pm="."><plain>We report the case of a 4-month-old infant whose jugular cellulite revealed <z:hpo ids='HP_0007626'>mandibular osteomyelitis</z:hpo> </plain></SENT>
<SENT sid="2" pm="."><plain>CASE REPORT: A 4-month-old boy was referred for hard, hot tumefaction of the right cheek and multiple cervical <z:mp ids='MP_0000702'>adenopathies</z:mp> </plain></SENT>
<SENT sid="3" pm="."><plain>The suggested diagnosis was cellulite of cutaneous origin </plain></SENT>
<SENT sid="4" pm="."><plain>He presented 21 900/mm(3) hyperleukocytosis associated with an inflammatory biological syndrome </plain></SENT>
<SENT sid="5" pm="."><plain>Standard x-ray of the facial mass was <z:mpath ids='MPATH_458'>normal</z:mpath> </plain></SENT>
<SENT sid="6" pm="."><plain>Sonography of the face showed thickening of the soft subcutaneous tissues and retro and sub-mandibular <z:mp ids='MP_0000702'>adenopathies</z:mp> with abcedation </plain></SENT>
<SENT sid="7" pm="."><plain>Antibiotherapy with <z:chebi fb="0" ids="2676">amoxicillin</z:chebi> and <z:chebi fb="0" ids="48947">clavulanic acid</z:chebi> led to rapid improvement </plain></SENT>
<SENT sid="8" pm="."><plain>Three days after withdrawal of the antibiotherapy, the tumefaction recurred without <z:hpo ids='HP_0001945'>fever</z:hpo> </plain></SENT>
<SENT sid="9" pm="."><plain>A facial scan eliminated cystic <z:hpo ids='HP_0100764'>lymphangioma</z:hpo> and showed <z:hpo ids='HP_0002797'>osteolysis</z:hpo> of the external plateau of the ascending branch of the mandible with periosteal appositions </plain></SENT>
<SENT sid="10" pm="."><plain>Histological examination of a surgical bone biopsy showed infectious <z:e sem="disease" ids="C0029400" disease_type="Disease or Syndrome" abbrv="">osteitis</z:e> and culture revealed hemolytic beta streptococci </plain></SENT>
<SENT sid="11" pm="."><plain>Six weeks of antibiotherapy (initially with <z:chebi fb="0" ids="2676">amoxicillin</z:chebi> and <z:chebi fb="0" ids="17833">gentamycin</z:chebi>, then <z:chebi fb="0" ids="2676">amoxicillin</z:chebi> in monotherapy) led to the regression of <z:hpo ids='HP_0000001'>all</z:hpo> cutaneous signs </plain></SENT>
<SENT sid="12" pm="."><plain>COMMENTS: When confronted with a tumefaction in this area, malignant or benign tumoral causes such as cystic <z:hpo ids='HP_0100764'>lymphangioma</z:hpo> must be eliminated </plain></SENT>
<SENT sid="13" pm="."><plain>Infectious causes (<z:mpath ids='MPATH_612'>abscess</z:mpath>, parotid <z:mp ids='MP_0001845'>inflammation</z:mp> and <z:hpo ids='HP_0002754'>osteomyelitis</z:hpo>) must be evoked and distinguished from infantile cortical <z:hpo ids='HP_0100774'>hyperostosis</z:hpo> (<z:e sem="disease" ids="C0020497" disease_type="Disease or Syndrome" abbrv="">Caffey</z:e>-Silverman's syndrome) </plain></SENT>
<SENT sid="14" pm="."><plain>Standard radiological imaging, scan or scintigraphy are useful diagnostic tools </plain></SENT>
<SENT sid="15" pm="."><plain>If <z:hpo ids='HP_0002797'>osteolysis</z:hpo> is discovered, a biopsy must be taken for anatomopathological and biological examination </plain></SENT>
</text></document>