<document xmlns:xlink="http://www.w3.org/1999/xlink" xmlns:z="http://www.ebi.ac.uk/z" source="Whatizit"><text><SENT sid="0" pm="."><plain>An early case of prenatal <z:e sem="disease" ids="C0020497" disease_type="Disease or Syndrome" abbrv="">Caffey disease</z:e> is reported </plain></SENT>
<SENT sid="1" pm="."><plain>Ultrasound examination performed at 20 weeks showed major angulations of long bones, but both ultrasound scan and X-rays failed to make the differential diagnosis between <z:e sem="disease" ids="C0020497" disease_type="Disease or Syndrome" abbrv="">Caffey disease</z:e> and lethal <z:e sem="disease" ids="C0029434" disease_type="Disease or Syndrome" abbrv="">osteogenesis imperfecta</z:e> </plain></SENT>
<SENT sid="2" pm="."><plain>A cordocentesis allowed us to find important biological abnormalities </plain></SENT>
<SENT sid="3" pm="."><plain>The pregnancy was terminated after the rapid development of <z:hpo ids='HP_0001789'>hydrops fetalis</z:hpo> </plain></SENT>
<SENT sid="4" pm="."><plain>The definitive diagnosis of <z:e sem="disease" ids="C0020497" disease_type="Disease or Syndrome" abbrv="">Caffey disease</z:e> was obtained by special X-ray and pathological study </plain></SENT>
</text></document>