<document xmlns:xlink="http://www.w3.org/1999/xlink" xmlns:z="http://www.ebi.ac.uk/z" source="Whatizit"><text><SENT sid="0" pm="."><plain>Two cases of infantile cortical <z:hpo ids='HP_0100774'>hyperostosis</z:hpo>, both of the monostotic form, are described </plain></SENT>
<SENT sid="1" pm="."><plain>In the first patient the right clavicle was involved; the disease may have been present from birth, but resulted in the infant's admission at the age of six weeks </plain></SENT>
<SENT sid="2" pm="."><plain>The second patient was a 7-month old infant who developed the disease after an upper <z:hpo ids='HP_0011947'>respiratory tract infection</z:hpo> </plain></SENT>
<SENT sid="3" pm="."><plain>There were only minor changes in the left clavicle </plain></SENT>
<SENT sid="4" pm="."><plain>Both cases regressed almost completely within six months </plain></SENT>
<SENT sid="5" pm="."><plain>The discussion deals with the largely unsolved problems concerning infantile cortical <z:hpo ids='HP_0100774'>hyperostosis</z:hpo> </plain></SENT>
</text></document>