<document xmlns:xlink="http://www.w3.org/1999/xlink" xmlns:z="http://www.ebi.ac.uk/z" source="Whatizit"><text><SENT sid="0" pm="."><plain>Infantile cortical <z:hpo ids='HP_0100774'>hyperostosis</z:hpo> (<z:e sem="disease" ids="C0020497" disease_type="Disease or Syndrome" abbrv="">Caffey disease</z:e>) is characterized by radiological evidence of cortical <z:hpo ids='HP_0100774'>hyperostosis</z:hpo>, soft tissue swellings, <z:hpo ids='HP_0001945'>fever</z:hpo> and <z:hpo ids='HP_0000737'>irritability</z:hpo> </plain></SENT>
<SENT sid="1" pm="."><plain>We report a case of <z:e sem="disease" ids="C0020497" disease_type="Disease or Syndrome" abbrv="">Caffey disease</z:e> highlighting its presentation as <z:hpo ids='HP_0001945'>pyrexia</z:hpo> of unknown origin, appearance on radionuclide bone scintigraphy and our unsatisfactory experience of treating it with <z:chebi fb="1" ids="5855">Ibuprofen</z:chebi>, a <z:chebi fb="0" ids="49023">prostaglandin inhibitor</z:chebi> </plain></SENT>
</text></document>