<document xmlns:xlink="http://www.w3.org/1999/xlink" xmlns:z="http://www.ebi.ac.uk/z" source="Whatizit"><text><SENT sid="0" pm="."><plain>Infantile cortical <z:hpo ids='HP_0100774'>hyperostosis</z:hpo> (also known as <z:e sem="disease" ids="C0020497" disease_type="Disease or Syndrome" abbrv="">Caffey disease</z:e>) is characterized by hyperirritability, <z:hpo ids='HP_0011009'>acute</z:hpo> <z:mp ids='MP_0001845'>inflammation</z:mp> of soft tissues, and profound alterations of the shape and structure of the underlying bones, particularly the long bones, mandible, clavicles, or ribs </plain></SENT>
<SENT sid="1" pm="."><plain>In this issue of the JCI, Gensure et al. undertook fine mapping of the genetic locus for this disease in a large kindred of individuals with the <z:hpo ids='HP_0000006'>autosomal dominant</z:hpo> form of the condition </plain></SENT>
<SENT sid="2" pm="."><plain>The authors found a novel missense mutation in COL1A1, the gene encoding the alpha1 chain of type I collagen, in <z:hpo ids='HP_0000001'>all</z:hpo> affected individuals in 3 discrete pedigrees </plain></SENT>
<SENT sid="3" pm="."><plain>This is a surprising finding, as <z:hpo ids='HP_0000001'>all</z:hpo> other reported mutations affecting the synthesis of type I collagen lead to conditions such as <z:e sem="disease" ids="C0029434" disease_type="Disease or Syndrome" abbrv="">osteogenesis imperfecta</z:e> and <z:e sem="disease" ids="C0013720" disease_type="Disease or Syndrome;Congenital Abnormality" abbrv="">Ehlers-Danlos syndrome</z:e>, in which quantitative or qualitative defects in type I collagen synthesis give rise to <z:hpo ids='HP_0002659'>bone fragility</z:hpo> and/or connective tissue hyperextensibility </plain></SENT>
<SENT sid="4" pm="."><plain>The deleterious effect of the mutation on collagen fibril <z:mp ids='MP_0000002'>morphology</z:mp> is demonstrated; however, the precise functional link between the reported missense mutation and the localized <z:mp ids='MP_0001845'>inflammation</z:mp> and <z:hpo ids='HP_0100774'>hyperostosis</z:hpo> seen in <z:e sem="disease" ids="C0020497" disease_type="Disease or Syndrome" abbrv="">Caffey disease</z:e> awaits future studies </plain></SENT>
</text></document>