<document xmlns:xlink="http://www.w3.org/1999/xlink" xmlns:z="http://www.ebi.ac.uk/z" source="Whatizit"><text><SENT sid="0" pm="."><plain>BACKGROUND: Infantile cortical <z:hpo ids='HP_0100774'>hyperostosis</z:hpo> (<z:e sem="disease" ids="AmbiguousAbbrv" disease_type="AmbiguousAbbrv" abbrv="ambiguous">ICH</z:e>) is benign and self-limiting when it presents near or after birth but is usually lethal when it presents earlier </plain></SENT>
<SENT sid="1" pm="."><plain>METHODS: We present the clinical, ultrasonic, radiographic and pathologic findings in an instructive case of early <z:hpo ids='HP_0003674'>onset</z:hpo> prenatal <z:e sem="disease" ids="AmbiguousAbbrv" disease_type="AmbiguousAbbrv" abbrv="ambiguous">ICH</z:e> </plain></SENT>
<SENT sid="2" pm="."><plain>RESULTS: A 40-year-old G2P1 woman delivered spontaneously at 22 weeks' gestation </plain></SENT>
<SENT sid="3" pm="."><plain>Prenatal ultrasounds showed rib and mandibular abnormalities as well as <z:hpo ids='HP_0005792'>short humeri</z:hpo> </plain></SENT>
<SENT sid="4" pm="."><plain>Post-mortem radiographs showed asymmetric <z:hpo ids='HP_0100774'>hyperostosis</z:hpo> in long bones, mandible, scapulae and pelvis with sparing of spine, hands, feet and skull </plain></SENT>
<SENT sid="5" pm="."><plain>The affected skeleton showed marked bony <z:mp ids='MP_0000612'>sclerosis</z:mp> and ballooning of the diaphyses of the long bones with periosteal <z:mp ids='MP_0000612'>sclerosis</z:mp> </plain></SENT>
<SENT sid="6" pm="."><plain>A complete autopsy showed characteristic histologic findings in affected bones </plain></SENT>
<SENT sid="7" pm="."><plain>Previous reports at 20+ weeks have described <z:hpo ids='HP_0012050'>anasarca</z:hpo>, fetal <z:hpo ids='HP_0000969'>hydrops</z:hpo>, <z:hpo ids='HP_0002240'>hepatomegaly</z:hpo>, and <z:hpo ids='HP_0002089'>pulmonary hypoplasia</z:hpo> </plain></SENT>
<SENT sid="8" pm="."><plain>In our case, there was no <z:hpo ids='HP_0000969'>hydrops</z:hpo>/<z:hpo ids='HP_0012050'>anasarca</z:hpo>; <z:hpo ids='HP_0002240'>hepatomegaly</z:hpo>, due to massive <z:hpo ids='HP_0001978'>extramedullary hematopoiesis</z:hpo> with marked <z:mp ids='MP_0010373'>myeloid hyperplasia</z:mp>, combined with ribcage abnormalities, caused mild <z:hpo ids='HP_0002089'>pulmonary hypoplasia</z:hpo> </plain></SENT>
<SENT sid="9" pm="."><plain>CONCLUSION: We hypothesize that early <z:hpo ids='HP_0003674'>onset</z:hpo> fetal <z:e sem="disease" ids="AmbiguousAbbrv" disease_type="AmbiguousAbbrv" abbrv="ambiguous">ICH</z:e> is usually lethal because massive hepatic <z:mp ids='MP_0010373'>myeloid hyperplasia</z:mp> sequentially causes: (1) <z:hpo ids='HP_0002240'>hepatomegaly</z:hpo> and, in conjunction with <z:hpo ids='HP_0000772'>rib abnormalities</z:hpo>, mild <z:hpo ids='HP_0002089'>pulmonary hypoplasia</z:hpo>, (2) sinusoidal and pre-sinusoidal <z:hpo ids='HP_0001409'>portal hypertension</z:hpo> followed by <z:hpo ids='HP_0001541'>ascites</z:hpo>/<z:hpo ids='HP_0000969'>hydrops</z:hpo>, and (3) <z:hpo ids='HP_0001541'>ascites</z:hpo>/<z:hpo ids='HP_0000969'>hydrops</z:hpo>-induced severe <z:hpo ids='HP_0002089'>pulmonary hypoplasia</z:hpo> </plain></SENT>
</text></document>