<document xmlns:xlink="http://www.w3.org/1999/xlink" xmlns:z="http://www.ebi.ac.uk/z" source="Whatizit"><text><SENT sid="0" pm="."><plain>The ultrastructure and the immunohistochemical pattern of the cells which are responsible for the bone resorption in the cortical infantile <z:hpo ids='HP_0100774'>hyperostosis</z:hpo> were investigated </plain></SENT>
<SENT sid="1" pm="."><plain>The osteoclasts present a great positivity to MB1 antigen and a low positivity to OKM5 </plain></SENT>
<SENT sid="2" pm="."><plain>Mononuclear cells with primary lysosomes, looking like osteoclast ones are present in high concentration in peritrabecular spaces </plain></SENT>
<SENT sid="3" pm="."><plain>These cells show a high positivity to OKM5 antigen and a low positivity to MB1 antigen </plain></SENT>
<SENT sid="4" pm="."><plain>The mononuclear granulated cells are positive to <z:chebi fb="1" ids="15193,50562">tartrate</z:chebi>-resistent acid phosphatase </plain></SENT>
<SENT sid="5" pm="."><plain>The possible common origin and their co-operation in bone resorption is discussed </plain></SENT>
</text></document>