<document xmlns:xlink="http://www.w3.org/1999/xlink" xmlns:z="http://www.ebi.ac.uk/z" source="Whatizit"><text><SENT sid="0" pm="."><plain>BACKGROUND: <z:e sem="disease" ids="C0020497" disease_type="Disease or Syndrome" abbrv="">Caffey's disease</z:e> or infantile cortical <z:hpo ids='HP_0100774'>hyperostosis</z:hpo> is a rare cause of <z:hpo ids='HP_0000737'>irritability</z:hpo>, <z:hpo ids='HP_0002653'>bone pain</z:hpo>, soft tissue swelling and <z:hpo ids='HP_0001945'>fever</z:hpo> in the infant </plain></SENT>
<SENT sid="1" pm="."><plain>AIMS: To review the presentation and diagnosis of an 8-week old infant with focal tenderness of the tibia </plain></SENT>
<SENT sid="2" pm="."><plain>METHODS: The symptoms, signs, laboratory work-up and radiology are reviewed </plain></SENT>
<SENT sid="3" pm="."><plain>RESULTS: The child presented with focal bony tenderness and <z:hpo ids='HP_0001945'>pyrexia</z:hpo> </plain></SENT>
<SENT sid="4" pm="."><plain>Laboratory work-up was inconclusive </plain></SENT>
<SENT sid="5" pm="."><plain>The diagnosis of <z:e sem="disease" ids="C0020497" disease_type="Disease or Syndrome" abbrv="">Caffey's disease</z:e> was made following a skeletal survey to outrule non-accidental injury, which showed similar changes of cortical thickening in the mandible as well as the affected tibia </plain></SENT>
<SENT sid="6" pm="."><plain>CONCLUSIONS: With our increasing immigrant population, an increasing number of differential diagnoses must be considered when evaluating patients presenting to our emergency rooms </plain></SENT>
<SENT sid="7" pm="."><plain><z:e sem="disease" ids="C0020497" disease_type="Disease or Syndrome" abbrv="">Caffey's disease</z:e> is an unusual cause of <z:hpo ids='HP_0002653'>bone pain</z:hpo> in the infant </plain></SENT>
<SENT sid="8" pm="."><plain>Symptoms and signs are subtle and the diagnosis is generally made with plain X-rays </plain></SENT>
</text></document>