<document xmlns:xlink="http://www.w3.org/1999/xlink" xmlns:z="http://www.ebi.ac.uk/z" source="Whatizit"><text><SENT sid="0" pm="."><plain>Cortical Infantile <z:hpo ids='HP_0100774'>Hyperostosis</z:hpo> (<z:e sem="disease" ids="C0020497" disease_type="Disease or Syndrome" abbrv="">Caffey's disease</z:e>) is a benign and self-limited disorder </plain></SENT>
<SENT sid="1" pm="."><plain>Late recurrence or persistence of symptoms with deformity seems exceedingly rare </plain></SENT>
<SENT sid="2" pm="."><plain>Its occurrence in <z:hpo ids='HP_0003745'>isolated cases</z:hpo> or in multiple members in families suggests the existence of two different forms, namely a <z:hpo ids='HP_0003745'>sporadic</z:hpo> form and a familial form </plain></SENT>
<SENT sid="3" pm="."><plain>The tibia is the predominant bone known to be affected in the familial form, while the mandible is mostly affected in the <z:hpo ids='HP_0003745'>sporadic</z:hpo> form </plain></SENT>
<SENT sid="4" pm="."><plain>The different pathological processes found in these two forms add further to the <z:hpo ids='HP_0001425'>heterogeneity</z:hpo> of this disorder </plain></SENT>
<SENT sid="5" pm="."><plain>We describe an Arabic-Christian, non-consanguineous family with two affected sibs </plain></SENT>
<SENT sid="6" pm="."><plain>In one, recurrent <z:e sem="disease" ids="C0020497" disease_type="Disease or Syndrome" abbrv="">Caffey's disease</z:e> was diagnosed at the age of 11 years </plain></SENT>
</text></document>