<document xmlns:xlink="http://www.w3.org/1999/xlink" xmlns:z="http://www.ebi.ac.uk/z" source="Whatizit"><text><SENT sid="0" pm="."><plain><z:hpo ids='HP_0100774'>Hyperostosis</z:hpo> "thick legs" is reported in a case involving 7 of a litter of 11 purebred Landrace piglets </plain></SENT>
<SENT sid="1" pm="."><plain>The 12 limbs involved showed variable degrees of thickening and immobility; tension and fixation of the skin </plain></SENT>
<SENT sid="2" pm="."><plain>Necropsy revealed extensive fibrous connective tissue, enlargement and <z:hpo ids='HP_0000969'>edema</z:hpo> of associated lymph nodes and <z:mpath ids='MPATH_133'>hypoplasia</z:mpath> of muscle groups </plain></SENT>
<SENT sid="3" pm="."><plain>Radiographs revealed osteodystrophia along the shafts of long bones </plain></SENT>
<SENT sid="4" pm="."><plain>The case is compared to previous reports of infantile cortical <z:hpo ids='HP_0100774'>hyperostosis</z:hpo> in children and "thick legs" in pigs </plain></SENT>
</text></document>