<document xmlns:xlink="http://www.w3.org/1999/xlink" xmlns:z="http://www.ebi.ac.uk/z" source="Whatizit"><text><SENT sid="0" pm="."><plain>In 1984-1989 at the First Paediatric Clinic of the Motol Faculty Hospital six patients with the diagnosis of infantile cortical <z:hpo ids='HP_0100774'>hyperostosis</z:hpo> (<z:e sem="disease" ids="C0020497" disease_type="Disease or Syndrome" abbrv="">Caffey</z:e>-Silvermann syndrome) were hospitalized </plain></SENT>
<SENT sid="1" pm="."><plain>Non-familial concurrence of the disease was involved </plain></SENT>
<SENT sid="2" pm="."><plain><z:hpo ids='HP_0000001'>All</z:hpo> children developed the disease before the age of 4.5 months, four before the age of three months </plain></SENT>
<SENT sid="3" pm="."><plain>Among the six patients was only one girl </plain></SENT>
<SENT sid="4" pm="."><plain>As to pathological findings there was a markedly elevated FW in 5/6, leucocytosis in 5/6, <z:hpo ids='HP_0001894'>thrombocytosis</z:hpo> in 3/4, <z:hpo ids='HP_0001880'>eosinophilia</z:hpo> in 3/6, <z:hpo ids='HP_0003155'>elevated alkaline phosphatases</z:hpo> in 2/6 </plain></SENT>
<SENT sid="5" pm="."><plain>The affection was four times on the mandible, once in the area of the hip joints and in one instance it was multifocal </plain></SENT>
<SENT sid="6" pm="."><plain>The authors present one detailed case-history with extreme affection of the clavicle which was originally taken for a <z:e sem="disease" ids="C0005967" disease_type="Neoplastic Process" abbrv="">bone tumour</z:e> </plain></SENT>
</text></document>