<document xmlns:xlink="http://www.w3.org/1999/xlink" xmlns:z="http://www.ebi.ac.uk/z" source="Whatizit"><text><SENT sid="0" pm="."><plain>Infantile cortical hypersotosis is a <z:e sem="disease" ids="C0678236" disease_type="Disease or Syndrome" abbrv="">rare disease</z:e> that affects children during the first six months of life, and is characterized by new periosteal bone formation </plain></SENT>
<SENT sid="1" pm="."><plain>We report a case that affected the left mandible in a 3-month-old boy treated with indometacin </plain></SENT>
</text></document>