<document xmlns:xlink="http://www.w3.org/1999/xlink" xmlns:z="http://www.ebi.ac.uk/z" source="Whatizit"><text><SENT sid="0" pm="."><plain>Infantile cortical <z:hpo ids='HP_0100774'>hyperostosis</z:hpo> (<z:e sem="disease" ids="C0020497" disease_type="Disease or Syndrome" abbrv="">Caffey disease</z:e>) is characterized by radiological evidence of cortical <z:hpo ids='HP_0100774'>hyperostosis</z:hpo>, soft tissue swellings, <z:hpo ids='HP_0001945'>fever</z:hpo> and <z:hpo ids='HP_0000737'>irritability</z:hpo> </plain></SENT>
<SENT sid="1" pm="."><plain>We report a case of <z:e sem="disease" ids="C0020497" disease_type="Disease or Syndrome" abbrv="">Caffey disease</z:e> highlighting its presentation with <z:hpo ids='HP_0001894'>thrombocytosis</z:hpo> and high serum immunoglobulin level to alert physicians to use steroids cautiously in view of the known thrombocythemic effect of the drug </plain></SENT>
<SENT sid="2" pm="."><plain>Raised Immunoglobulin also suggests that this syndrome could be infectious in origin </plain></SENT>
</text></document>