<document xmlns:xlink="http://www.w3.org/1999/xlink" xmlns:z="http://www.ebi.ac.uk/z" source="Whatizit"><text><SENT sid="0" pm="."><plain>Infantile cortical <z:hpo ids='HP_0100774'>hyperostosis</z:hpo> (<z:e sem="disease" ids="C0020497" disease_type="Disease or Syndrome" abbrv="">Caffey disease</z:e>) is benign and self-limiting when it presents near or after birth but it is usually lethal when it presents earlier </plain></SENT>
<SENT sid="1" pm="."><plain>We present the clinical, ultrasonic, radiographic, and pathologic findings in an instructive case of early <z:hpo ids='HP_0003674'>onset</z:hpo> prenatal cortical <z:hpo ids='HP_0100774'>hyperostosis</z:hpo> </plain></SENT>
<SENT sid="2" pm="."><plain>The pregnancy of a 21-year-old woman was medically terminated at 30 weeks of gestation after a diagnosis of severe <z:e sem="disease" ids="C0029434" disease_type="Disease or Syndrome" abbrv="">osteogenesis imperfecta</z:e> </plain></SENT>
<SENT sid="3" pm="."><plain>Prenatal ultrasounds showed <z:hpo ids='HP_0003026'>short long bones</z:hpo> </plain></SENT>
<SENT sid="4" pm="."><plain>Postmortem radiographs showed <z:hpo ids='HP_0100774'>hyperostosis</z:hpo> in long bones, ribs and mandible </plain></SENT>
<SENT sid="5" pm="."><plain>The affected skeleton showed marked bony <z:mp ids='MP_0000612'>sclerosis</z:mp> and ballooning of the diaphyses of the long bones with periosteal <z:mp ids='MP_0000612'>sclerosis</z:mp> </plain></SENT>
<SENT sid="6" pm="."><plain>A complete autopsy showed characteristic histologic findings of infantile cortical <z:hpo ids='HP_0100774'>hyperostosis</z:hpo> in affected bones </plain></SENT>
<SENT sid="7" pm="."><plain>A missense mutation (3040C --&gt; T) in exon 41 the gene encoding the alpha 1 chain of type I collagen was found in fetus pulmonary tissue </plain></SENT>
<SENT sid="8" pm="."><plain>Neither the severe form nor the mild form of prenatal cortical <z:hpo ids='HP_0100774'>hyperostosis</z:hpo> were thought to be related to collagen I mutations </plain></SENT>
<SENT sid="9" pm="."><plain>Our study indicates that a heterozygous 3040C --&gt; T mutation can also be found in lethal prenatal cortical <z:hpo ids='HP_0100774'>hyperostosis</z:hpo> </plain></SENT>
</text></document>