<document xmlns:xlink="http://www.w3.org/1999/xlink" xmlns:z="http://www.ebi.ac.uk/z" source="Whatizit"><text><SENT sid="0" pm="."><plain>Infantile cortical <z:hpo ids='HP_0100774'>hyperostosis</z:hpo> (<z:e sem="disease" ids="AmbiguousAbbrv" disease_type="AmbiguousAbbrv" abbrv="ambiguous">ICH</z:e>) is characterized by spontaneous episodes of subperiosteal new bone formation in the long bones, mandible, and clavicle during infancy </plain></SENT>
<SENT sid="1" pm="."><plain>A heterozygous missense mutation, c.3040C &gt; T (p.R1014C), in the type I collagen alpha1 chain gene (COL1A1) was reported in families with the <z:hpo ids='HP_0000006'>autosomal dominant</z:hpo> form of <z:e sem="disease" ids="AmbiguousAbbrv" disease_type="AmbiguousAbbrv" abbrv="ambiguous">ICH</z:e> </plain></SENT>
<SENT sid="2" pm="."><plain>We examined six consecutive cases of <z:e sem="disease" ids="AmbiguousAbbrv" disease_type="AmbiguousAbbrv" abbrv="ambiguous">ICH</z:e> from five unrelated families and their parents </plain></SENT>
<SENT sid="3" pm="."><plain>The mutation was identified in <z:hpo ids='HP_0000001'>all</z:hpo> patients and two parents tested </plain></SENT>
<SENT sid="4" pm="."><plain>Our result supported that <z:e sem="disease" ids="AmbiguousAbbrv" disease_type="AmbiguousAbbrv" abbrv="ambiguous">ICH</z:e> is caused by the single mutation in COL1A1 with <z:hpo ids='HP_0003829'>incomplete penetrance</z:hpo> </plain></SENT>
</text></document>