<document xmlns:xlink="http://www.w3.org/1999/xlink" xmlns:z="http://www.ebi.ac.uk/z" source="Whatizit"><text><SENT sid="0" pm="."><plain>BACKGROUND: Infantile cortical <z:hpo ids='HP_0100774'>hyperostosis</z:hpo> is characterised by hyperirritability, <z:hpo ids='HP_0011009'>acute</z:hpo> <z:mp ids='MP_0001845'>inflammation</z:mp> of soft tissue, and profound alterations of the shape and structure of the underlying bones, particularly the long bones, mandible, clavicles, or ribs </plain></SENT>
<SENT sid="1" pm="."><plain>CASE PRESENTATION: We report on a clinical case of a 3-months-old baby girl of non-consanguineous parents </plain></SENT>
<SENT sid="2" pm="."><plain>Multiple long bone swellings were the motive of referral to our department for clinical evaluation </plain></SENT>
<SENT sid="3" pm="."><plain>Radiographic documentation was consistent with infantile cortical <z:hpo ids='HP_0100774'>hyperostosis</z:hpo> (<z:e sem="disease" ids="C0020497" disease_type="Disease or Syndrome" abbrv="">Caffey disease</z:e>) </plain></SENT>
<SENT sid="4" pm="."><plain>Interestingly, skull base <z:mp ids='MP_0000612'>sclerosis</z:mp> associated with excessive thickening was the most unusual malformation </plain></SENT>
<SENT sid="5" pm="."><plain>We report a baby with mixed endochondral and intramembraneous ossification defects </plain></SENT>
<SENT sid="6" pm="."><plain>CONCLUSION: Bone <z:mpath ids='MPATH_589'>dysplasias</z:mpath>, <z:e sem="disease" ids="C0026703" disease_type="Disease or Syndrome" abbrv="">mucopolysaccharidoses</z:e>, and <z:e sem="disease" ids="C0025517" disease_type="Disease or Syndrome" abbrv="">metabolic diseases</z:e> are a group of disorders that cause abnormal growth, density, and skull base shape </plain></SENT>
<SENT sid="7" pm="."><plain>Skull base <z:mp ids='MP_0000612'>sclerosis</z:mp>/thickening is a well-known malformation in connection with other forms of sclerosing <z:e sem="disease" ids="C0005940" disease_type="Disease or Syndrome" abbrv="">bone disorders</z:e> such as <z:e sem="disease" ids="C0432262" disease_type="Disease or Syndrome" abbrv="">dysosteosclerosis</z:e>, frontometaphyseal <z:mpath ids='MPATH_589'>dysplasia</z:mpath>, and progressive <z:hpo ids='HP_0100252'>diaphyseal dysplasia</z:hpo> with skull base involvement </plain></SENT>
<SENT sid="8" pm="."><plain>It is noteworthy that our present patient had an unusually sclerosed/thickened skull base </plain></SENT>
<SENT sid="9" pm="."><plain>Narrowing of skull foramina due to <z:hpo ids='HP_0002694'>sclerosis of skull base</z:hpo> is likely to result in cranial nerves deficits </plain></SENT>
<SENT sid="10" pm="."><plain>In this baby, the pathology has been judged to be the result of <z:e sem="disease" ids="C1541830,C0008060" disease_type="Mental or Behavioral Dysfunction;Injury or Poisoning" abbrv="">child abuse</z:e> and it is not, in this case considerable harm to his parents, and the doctor-parent relationship was the outcome </plain></SENT>
</text></document>