<document xmlns:xlink="http://www.w3.org/1999/xlink" xmlns:z="http://www.ebi.ac.uk/z" source="Whatizit"><text><SENT sid="0" pm="."><plain>Infantile cortical <z:hpo ids='HP_0100774'>hyperostosis</z:hpo> (<z:e sem="disease" ids="AmbiguousAbbrv" disease_type="AmbiguousAbbrv" abbrv="ambiguous">ICH</z:e>) or <z:e sem="disease" ids="C0020497" disease_type="Disease or Syndrome" abbrv="">Caffey</z:e>-Silverman disease is affection that attained skeleton most frequently flat bones, contiguous fasciae and muscles </plain></SENT>
<SENT sid="1" pm="."><plain>We reported the case of a 3 months old female infant of Mauritanian origin, referred for recurrent <z:e sem="disease" ids="C0029400" disease_type="Disease or Syndrome" abbrv="">osteitis</z:e> of the left clavicle </plain></SENT>
<SENT sid="2" pm="."><plain>The present complaints are incessant snivelling and functional disability of the left upper limb </plain></SENT>
<SENT sid="3" pm="."><plain>Examination showed clavicular and mandibular swelling, without <z:hpo ids='HP_0001945'>fever</z:hpo> </plain></SENT>
<SENT sid="4" pm="."><plain>Biological check-up showed inflammatory signs </plain></SENT>
<SENT sid="5" pm="."><plain>Radiographies showed cortical thickening of the left clavicle and mandible </plain></SENT>
<SENT sid="6" pm="."><plain>Interest of such an observation is in the rarity of this affection, its originality as for the striking age limitation, in the disconcerting but suggestive symptomatology, at least in the classical sites and in the possibility of its antenatal diagnosis </plain></SENT>
</text></document>