<document xmlns:xlink="http://www.w3.org/1999/xlink" xmlns:z="http://www.ebi.ac.uk/z" source="Whatizit"><text><SENT sid="0" pm="."><plain>A very early case of infantile cortical <z:mpath ids='MPATH_134'>hyperplasia</z:mpath> (<z:e sem="disease" ids="C0020497" disease_type="Disease or Syndrome" abbrv="">Caffey disease</z:e>) is reported </plain></SENT>
<SENT sid="1" pm="."><plain>The ultrasound examination performed at 22 weeks gestational age evidenced angulations of the long bones, leading to the diagnosis of lethal <z:e sem="disease" ids="C0029434" disease_type="Disease or Syndrome" abbrv="">osteogenesis imperfecta</z:e> </plain></SENT>
<SENT sid="2" pm="."><plain><z:hpo ids='HP_0001789'>Hydrops fetalis</z:hpo> developed and the pregnancy was terminated </plain></SENT>
<SENT sid="3" pm="."><plain>The roentgenographic study of the fetus and results of pathological studies led to the correct diagnosis of <z:e sem="disease" ids="C0020497" disease_type="Disease or Syndrome" abbrv="">Caffey disease</z:e> </plain></SENT>
<SENT sid="4" pm="."><plain>The difficulty of the diagnosis of these early forms of infantile cortical <z:hpo ids='HP_0100774'>hyperostosis</z:hpo> should be pointed out </plain></SENT>
</text></document>