<document xmlns:xlink="http://www.w3.org/1999/xlink" xmlns:z="http://www.ebi.ac.uk/z" source="Whatizit"><text><SENT sid="0" pm="."><plain>Infantile cortical <z:hpo ids='HP_0100774'>hyperostosis</z:hpo> (<z:e sem="disease" ids="C0020497" disease_type="Disease or Syndrome" abbrv="">Caffey disease</z:e>) is a rare self-limiting inflammatory bony disease of early infancy </plain></SENT>
<SENT sid="1" pm="."><plain>We report a 1-month-old Chinese boy with <z:e sem="disease" ids="C0020497" disease_type="Disease or Syndrome" abbrv="">Caffey disease</z:e> who presented with painful swelling over his shins bilaterally </plain></SENT>
<SENT sid="2" pm="."><plain>Physical abuse was initially suspected, but the radiological findings of periosteal thickening over multiple bones (particularly the mandible), symmetrical involvement, diaphyseal involvement with sparing of the epiphysis, made <z:e sem="disease" ids="C0020497" disease_type="Disease or Syndrome" abbrv="">Caffey disease</z:e> a likely diagnosis </plain></SENT>
<SENT sid="3" pm="."><plain>This report highlights that infantile cortical <z:hpo ids='HP_0100774'>hyperostosis</z:hpo> is an important differential diagnosis for children suspected of being abused, and clinicians should have a high index of suspicion to avoid misdiagnosis </plain></SENT>
</text></document>