<document xmlns:xlink="http://www.w3.org/1999/xlink" xmlns:z="http://www.ebi.ac.uk/z" source="Whatizit"><text><SENT sid="0" pm="."><plain><z:e sem="disease" ids="C0020497" disease_type="Disease or Syndrome" abbrv="">Caffey's disease</z:e> or infantile cortical <z:hpo ids='HP_0100774'>hyperostosis</z:hpo> a rare condition affecting infants in the first five months of life </plain></SENT>
<SENT sid="1" pm="."><plain>The disease begins usually as an <z:hpo ids='HP_0011009'>acute</z:hpo> <z:e sem="disease" ids="C0743841" disease_type="Disease or Syndrome" abbrv="">febrile illness</z:e> accompanied by painful swellings over one or more bones, with <z:hpo ids='HP_0000001'>all</z:hpo> the signs of <z:hpo ids='HP_0011009'>acute</z:hpo> <z:mp ids='MP_0001845'>inflammation</z:mp> </plain></SENT>
</text></document>