<document xmlns:xlink="http://www.w3.org/1999/xlink" xmlns:z="http://www.ebi.ac.uk/z" source="Whatizit"><text><SENT sid="0" pm="."><plain><z:e sem="disease" ids="C0020497" disease_type="Disease or Syndrome" abbrv="">Caffey disease</z:e> or infantile cortical <z:hpo ids='HP_0100774'>hyperostosis</z:hpo> is a rare <z:e sem="disease" ids="C0263661" disease_type="Disease or Syndrome" abbrv="">skeletal disorder</z:e> with both <z:hpo ids='HP_0003745'>sporadic</z:hpo> and familial occurrence </plain></SENT>
<SENT sid="1" pm="."><plain>The <z:hpo ids='HP_0000006'>autosomal dominant</z:hpo> familial form has been found to be a collagenopathy </plain></SENT>
<SENT sid="2" pm="."><plain>The case being reported is a 7- month-old Indian boy with <z:e sem="disease" ids="C0020497" disease_type="Disease or Syndrome" abbrv="">Caffey disease</z:e> who was found to have the R1014C heterozygous mutation in the COL1A1 gene </plain></SENT>
<SENT sid="3" pm="."><plain>This is the first mutation report of an Indian case with <z:e sem="disease" ids="C0020497" disease_type="Disease or Syndrome" abbrv="">Caffey disease</z:e> </plain></SENT>
</text></document>