<document xmlns:xlink="http://www.w3.org/1999/xlink" xmlns:z="http://www.ebi.ac.uk/z" source="Whatizit"><text><SENT sid="0" pm="."><plain>Infantile cortical <z:hpo ids='HP_0100774'>hyperostosis</z:hpo> (<z:e sem="disease" ids="AmbiguousAbbrv" disease_type="AmbiguousAbbrv" abbrv="ambiguous">ICH</z:e>, OMIM 114000) is a rare <z:e sem="disease" ids="C0277558" disease_type="Disease or Syndrome" abbrv="">familial disorder</z:e> which affects infants </plain></SENT>
<SENT sid="1" pm="."><plain>It spontaneously heals in the first years of life </plain></SENT>
<SENT sid="2" pm="."><plain>The disease is characterized by regressive subperiosteal hyperosteogenesis mainly affecting long bones, mandible, clavicles, and ribs which are remarkably swollen and deformed on X-rays </plain></SENT>
<SENT sid="3" pm="."><plain>But it is also important to take into consideration the <z:hpo ids='HP_0000006'>autosomal dominant</z:hpo> pattern of <z:hpo ids='HP_0000005'>inheritance</z:hpo> to detect it </plain></SENT>
<SENT sid="4" pm="."><plain>In 2005 Gensure et al. detected 3040C → T mutation in COL1A1 gene in three unrelated <z:e sem="disease" ids="AmbiguousAbbrv" disease_type="AmbiguousAbbrv" abbrv="ambiguous">ICH</z:e> families </plain></SENT>
<SENT sid="5" pm="."><plain>Four generations of patients belonging to the same family were examined in our study </plain></SENT>
<SENT sid="6" pm="."><plain>Molecular testing has now disclosed a pathogenic mutation in nine of them </plain></SENT>
<SENT sid="7" pm="."><plain>The patients spontaneously recovered </plain></SENT>
<SENT sid="8" pm="."><plain>Although our paper shows a distinct correlation between R836C mutation and <z:e sem="disease" ids="AmbiguousAbbrv" disease_type="AmbiguousAbbrv" abbrv="ambiguous">ICH</z:e>, there is a certain interindividual and intra-familial variability </plain></SENT>
</text></document>