<document xmlns:xlink="http://www.w3.org/1999/xlink" xmlns:z="http://www.ebi.ac.uk/z" source="Whatizit"><text><SENT sid="0" pm="."><plain><z:e sem="disease" ids="C0020497" disease_type="Disease or Syndrome" abbrv="">Caffey's disease</z:e> is a self limited disorder of infantile age group </plain></SENT>
<SENT sid="1" pm="."><plain>It is synonymous with 'infantile cortical <z:hpo ids='HP_0100774'>hyperostosis</z:hpo>' and '<z:e sem="disease" ids="C0020497" disease_type="Disease or Syndrome" abbrv="">Caffey</z:e>'s-Silver syndrome'.It is characterized by <z:hpo ids='HP_0001945'>fever</z:hpo>, <z:hpo ids='HP_0000737'>irritability</z:hpo>, <z:hpo ids='HP_0002653'>bone pain</z:hpo> and characteristic bony changes </plain></SENT>
<SENT sid="2" pm="."><plain>It has no definite etiology </plain></SENT>
<SENT sid="3" pm="."><plain>This report describes a 4 months old infant presenting with <z:hpo ids='HP_0001945'>fever</z:hpo>, <z:hpo ids='HP_0000737'>irritability</z:hpo> and soft tissue swellings </plain></SENT>
<SENT sid="4" pm="."><plain>Investigations led to the diagnosis of <z:e sem="disease" ids="C0020497" disease_type="Disease or Syndrome" abbrv="">Caffey's disease</z:e> </plain></SENT>
<SENT sid="5" pm="."><plain>Symptomatic treatment was given to good clinical response </plain></SENT>
</text></document>