<document xmlns:xlink="http://www.w3.org/1999/xlink" xmlns:z="http://www.ebi.ac.uk/z" source="Whatizit"><text><SENT sid="0" pm="."><plain>Tumoral <z:hpo ids='HP_0003761'>calcinosis</z:hpo> (TC) is a rare condition involving large joints and rarely the spine </plain></SENT>
<SENT sid="1" pm="."><plain>It is characterized by calcification and swelling of periarticular tissues </plain></SENT>
<SENT sid="2" pm="."><plain><z:e sem="disease" ids="C0020497" disease_type="Disease or Syndrome" abbrv="">Caffey disease</z:e> (CD) is defined by recurrent episodes of painful soft tissue swelling and cortical thickening of the underlying bones </plain></SENT>
<SENT sid="3" pm="."><plain>It is a self-limited disease that occurs in the first year of life </plain></SENT>
<SENT sid="4" pm="."><plain>We report the first association of CD and TC of the cervical spine in a 4-month-old boy </plain></SENT>
<SENT sid="5" pm="."><plain>We suggest that TC occurred as a consequence of the repetitive reparative process that takes place in CD, adding the latter to the list of diseases that may secondarily produce TC </plain></SENT>
</text></document>