<document xmlns:xlink="http://www.w3.org/1999/xlink" xmlns:z="http://www.ebi.ac.uk/z" source="Whatizit"><text><SENT sid="0" pm="."><plain><z:e sem="disease" ids="C0020497" disease_type="Disease or Syndrome" abbrv="">Caffey disease</z:e> or Infantile Cortical <z:hpo ids='HP_0100774'>Hyperostosis</z:hpo> (<z:e sem="disease" ids="AmbiguousAbbrv" disease_type="AmbiguousAbbrv" abbrv="ambiguous">ICH</z:e>) is a rare and mostly self limiting condition affecting young infants </plain></SENT>
<SENT sid="1" pm="."><plain>It is characterized by <z:hpo ids='HP_0011009'>acute</z:hpo> <z:mp ids='MP_0001845'>inflammation</z:mp> of the periostium and the overlying soft tissue and is accompanied by systemic changes of <z:hpo ids='HP_0000737'>irritability</z:hpo> and <z:hpo ids='HP_0001945'>fever</z:hpo> </plain></SENT>
<SENT sid="2" pm="."><plain>Diagnosis may be delayed as this disorder mimics a wide range of diseases including <z:hpo ids='HP_0002754'>osteomyelitis</z:hpo>, <z:e sem="disease" ids="C0342951" disease_type="Disease or Syndrome" abbrv="">hypervitaminosis</z:e> A, <z:e sem="disease" ids="C0036474" disease_type="Disease or Syndrome" abbrv="">scurvy</z:e>, <z:e sem="disease" ids="C0005967" disease_type="Neoplastic Process" abbrv="">bone tumors</z:e> and <z:e sem="disease" ids="C1541830,C0008060" disease_type="Mental or Behavioral Dysfunction;Injury or Poisoning" abbrv="">child abuse</z:e> </plain></SENT>
<SENT sid="3" pm="."><plain>The emphasis here is to remind clinicians about the existence of the disease in this country </plain></SENT>
</text></document>