<document xmlns:xlink="http://www.w3.org/1999/xlink" xmlns:z="http://www.ebi.ac.uk/z" source="Whatizit"><text><SENT sid="0" pm="."><plain>A male newborn was apparently well until his second day of life, when increased <z:hpo ids='HP_0000737'>irritability</z:hpo> and a swelling in his right leg were noted </plain></SENT>
<SENT sid="1" pm="."><plain>He was rooming-in with his mother since birth </plain></SENT>
<SENT sid="2" pm="."><plain>On examination, a mass on the anterior surface of the right leg was noticed </plain></SENT>
<SENT sid="3" pm="."><plain>The mass was firm, elongated, ill-defined, unmovable and painful at palpation </plain></SENT>
<SENT sid="4" pm="."><plain>No overlying skin changes were seen </plain></SENT>
<SENT sid="5" pm="."><plain>The newborn had a family history of neonatal bone swelling with resolution before the age of 2 </plain></SENT>
<SENT sid="6" pm="."><plain>Subsequent images showed <z:hpo ids='HP_0100774'>hyperostosis</z:hpo> in the diaphysis of the right tibia </plain></SENT>
<SENT sid="7" pm="."><plain>After exclusion of other conditions such as trauma, <z:hpo ids='HP_0002754'>osteomyelitis</z:hpo> and <z:e sem="disease" ids="C0039131" disease_type="Disease or Syndrome" abbrv="">congenital syphilis</z:e>, the involvement of the tibial diaphysis, sparing the epiphyses and the benign course of the disease in family history, were indicative of <z:e sem="disease" ids="C0020497" disease_type="Disease or Syndrome" abbrv="">Caffey disease</z:e> </plain></SENT>
<SENT sid="8" pm="."><plain>The genetic study confirmed this diagnosis </plain></SENT>
<SENT sid="9" pm="."><plain><z:e sem="disease" ids="C0020497" disease_type="Disease or Syndrome" abbrv="">Caffey disease</z:e>, although rare, should not be overlooked in the diagnostic approach to childhood bone swelling </plain></SENT>
</text></document>