<document xmlns:xlink="http://www.w3.org/1999/xlink" xmlns:z="http://www.ebi.ac.uk/z" source="Whatizit"><text><SENT sid="0" pm="."><plain>The paper reports on a case of infantile cortical <z:hpo ids='HP_0100774'>hyperostosis</z:hpo> (<z:e sem="disease" ids="C0020497" disease_type="Disease or Syndrome" abbrv="">Caffey's disease</z:e>) diagnosed on the basis of clinical and typical radiological data, and benign and without treatment suggestive evolution by leaps </plain></SENT>
<SENT sid="1" pm="."><plain>The appearance of the disease in several members of the same family pleads for its hereditary character </plain></SENT>
</text></document>