<document xmlns:xlink="http://www.w3.org/1999/xlink" xmlns:z="http://www.ebi.ac.uk/z" source="Whatizit"><text><SENT sid="0" pm="."><plain>A case of <z:e sem="disease" ids="C1398029" disease_type="Disease or Syndrome" abbrv="">Garré's disease</z:e> has been reported </plain></SENT>
<SENT sid="1" pm="."><plain>This case is atypical in that the patient presented with only a periosteal bone mass and a negative history of toothache, <z:mpath ids='MPATH_612'>abscess</z:mpath>, or trauma to the area </plain></SENT>
<SENT sid="2" pm="."><plain>Because of this, diagnosis was not possible without microscopic examination </plain></SENT>
<SENT sid="3" pm="."><plain>Atypical cases of this nature cause diagnostic problems, and several <z:mp ids='MP_0002054'>disease states</z:mp> must be considered in a differential diagnosis </plain></SENT>
<SENT sid="4" pm="."><plain>These include the following: 1 </plain></SENT>
<SENT sid="5" pm="."><plain>Ewing's <z:hpo ids='HP_0100242'>sarcoma</z:hpo>, which also occurs in this age group and may show cortical reduplication on radiographic examination </plain></SENT>
<SENT sid="6" pm="."><plain>The prognosis in cases of Ewing's <z:hpo ids='HP_0100242'>sarcoma</z:hpo> is poor, and <z:hpo ids='HP_0011420'>death</z:hpo> may occur in a matter of weeks </plain></SENT>
<SENT sid="7" pm="."><plain>2 </plain></SENT>
<SENT sid="8" pm="."><plain>Infantile cortical <z:hpo ids='HP_0100774'>hyperostosis</z:hpo> (<z:e sem="disease" ids="C0020497" disease_type="Disease or Syndrome" abbrv="">Caffey's disease</z:e>), which is characterized by development of soft-tissue swelling and cortical thickening of the mandible </plain></SENT>
<SENT sid="9" pm="."><plain>The disease runs a benign course and regresses without treatment </plain></SENT>
<SENT sid="10" pm="."><plain>3 </plain></SENT>
<SENT sid="11" pm="."><plain><z:hpo ids='HP_0002669'>Osteogenic sarcoma</z:hpo>, which occurs in slightly older age groups but presents as a cortical expansion with facial deformity </plain></SENT>
<SENT sid="12" pm="."><plain>The disease is highly malignant and carries a poor prognosis </plain></SENT>
</text></document>