<document xmlns:xlink="http://www.w3.org/1999/xlink" xmlns:z="http://www.ebi.ac.uk/z" source="Whatizit"><text><SENT sid="0" pm="."><plain>A case report of an infant with the <z:e sem="disease" ids="C0043194" disease_type="Disease or Syndrome" abbrv="">Wiskott-Aldrich syndrome</z:e> and clinical and radiological features of infantile cortical <z:hpo ids='HP_0100774'>hyperostosis</z:hpo> (<z:e sem="disease" ids="C0020497" disease_type="Disease or Syndrome" abbrv="">Caffey disease</z:e>) is presented </plain></SENT>
<SENT sid="1" pm="."><plain>This is the third case described of the association of these two <z:e sem="disease" ids="C0678236" disease_type="Disease or Syndrome" abbrv="">rare disorders</z:e> and gives further support to the role of an immunologic defect in the pathogenesis of infantile cortical <z:hpo ids='HP_0100774'>hyperostosis</z:hpo> </plain></SENT>
</text></document>