<document xmlns:xlink="http://www.w3.org/1999/xlink" xmlns:z="http://www.ebi.ac.uk/z" source="Whatizit"><text><SENT sid="0" pm="."><plain>Infantile cortical <z:hpo ids='HP_0100774'>hyperostosis</z:hpo> is declining in incidence </plain></SENT>
<SENT sid="1" pm="."><plain>The classical radiograph and bone scan findings have been well described </plain></SENT>
<SENT sid="2" pm="."><plain>A case first mistaken for <z:e sem="disease" ids="C1541830,C0008060" disease_type="Mental or Behavioral Dysfunction;Injury or Poisoning" abbrv="">child abuse</z:e> is presented </plain></SENT>
<SENT sid="3" pm="."><plain>The use of bone scanning in the work-up of non-accidental trauma is addressed </plain></SENT>
</text></document>