<document xmlns:xlink="http://www.w3.org/1999/xlink" xmlns:z="http://www.ebi.ac.uk/z" source="Whatizit"><text><SENT sid="0" pm="."><plain>We describe a case of infantile cortical <z:hpo ids='HP_0100774'>hyperostosis</z:hpo> or <z:e sem="disease" ids="C0020497" disease_type="Disease or Syndrome" abbrv="">Caffey</z:e>-Silverman's disease </plain></SENT>
<SENT sid="1" pm="."><plain>This is the fourth case reported in the national literature and the third one in our Hospital de Pediatría of the National Medical Center </plain></SENT>
<SENT sid="2" pm="."><plain>We made an extensive review of the national and international literature and we defined the characteristic findings in this pathologic entity </plain></SENT>
<SENT sid="3" pm="."><plain>We analyzed the etiologic possibilities, which are not yet clear and emphasized the role of the genetic factors </plain></SENT>
<SENT sid="4" pm="."><plain>We suggest to investigate intentionally the asymptomatic colaterals, on the way to establish the real frequency of the disease </plain></SENT>
</text></document>