<document xmlns:xlink="http://www.w3.org/1999/xlink" xmlns:z="http://www.ebi.ac.uk/z" source="Whatizit"><text><SENT sid="0" pm="."><plain>Retrospective analysis of eight patients suffering from infantile cortical <z:hpo ids='HP_0100774'>hyperostosis</z:hpo> shows clearly autosomic dominant <z:hpo ids='HP_0000005'>inheritance</z:hpo> of the disease, the strong variation in the clinical expressivity, and therefore the need for an in deep work-up of the patient and his relatives in the presence of any suspicious symptom </plain></SENT>
</text></document>