<document xmlns:xlink="http://www.w3.org/1999/xlink" xmlns:z="http://www.ebi.ac.uk/z" source="Whatizit"><text><SENT sid="0" pm="."><plain>A four-month-old infant was treated for <z:hpo ids='HP_0002015'>dysphagia</z:hpo> associated with infantile cortical <z:hpo ids='HP_0100774'>hyperostosis</z:hpo> (<z:e sem="disease" ids="C0020497" disease_type="Disease or Syndrome" abbrv="">Caffey's disease</z:e>) </plain></SENT>
<SENT sid="1" pm="."><plain>Prolonged nutritional support was by nasal or gastrostoma intubation; therapeutic oral feeding was continued </plain></SENT>
<SENT sid="2" pm="."><plain>This approach encouraged the development of oral feeding skills, infant-parent bonding and experience of oral satisfactions </plain></SENT>
<SENT sid="3" pm="."><plain>The facial skeleton is the most frequent site of involvement in <z:hpo ids='HP_0100774'>hyperostosis</z:hpo>, and <z:hpo ids='HP_0002015'>dysphagia</z:hpo> is a typical component, usually signaled by refusal of food and <z:hpo ids='HP_0001508'>failure to thrive</z:hpo> </plain></SENT>
</text></document>