<document xmlns:xlink="http://www.w3.org/1999/xlink" xmlns:z="http://www.ebi.ac.uk/z" source="Whatizit"><text><SENT sid="0" pm="."><plain>Four patients who presented with predominant or exclusive face and orbital involvement by de Toni-<z:e sem="disease" ids="C0020497" disease_type="Disease or Syndrome" abbrv="">Caffey's disease</z:e> are reported </plain></SENT>
<SENT sid="1" pm="."><plain>Facial manifestations of infantile cortical <z:hpo ids='HP_0100774'>hyperostosis</z:hpo> may be the first and sometimes the only manifestion of the disease </plain></SENT>
<SENT sid="2" pm="."><plain>A mandibular involvement is almost always present and its characteristic appearance leads to the diagnosis of de Toni-<z:e sem="disease" ids="C0020497" disease_type="Disease or Syndrome" abbrv="">Caffey's disease</z:e> </plain></SENT>
</text></document>