<document xmlns:xlink="http://www.w3.org/1999/xlink" xmlns:z="http://www.ebi.ac.uk/z" source="Whatizit"><text><SENT sid="0" pm="."><plain>An infant in hospital unexpectedly developed infantile cortical <z:hpo ids='HP_0100774'>hyperostosis</z:hpo> (<z:e sem="disease" ids="C0020497" disease_type="Disease or Syndrome" abbrv="">Caffey's disease</z:e>) while under-going treatment for an unrelated illness </plain></SENT>
<SENT sid="1" pm="."><plain>The presentation of the disease was classic and there was marked <z:hpo ids='HP_0001894'>thrombocytosis</z:hpo> </plain></SENT>
<SENT sid="2" pm="."><plain>The aetiological possibilities are discussed </plain></SENT>
</text></document>