<document xmlns:xlink="http://www.w3.org/1999/xlink" xmlns:z="http://www.ebi.ac.uk/z" source="Whatizit"><text><SENT sid="0" pm="."><plain>A new case of familial <z:e sem="disease" ids="C0020497" disease_type="Disease or Syndrome" abbrv="">Caffey's disease</z:e> is referred with focused clinic, radiologic and anatopathologic aspects </plain></SENT>
<SENT sid="1" pm="."><plain>The hereditary patterns may obey a autosomic dominant one, with variable penetrance and expressivity </plain></SENT>
<SENT sid="2" pm="."><plain>Thus a improved familial research is necessary in <z:hpo ids='HP_0000001'>all</z:hpo> the infantile cortical <z:hpo ids='HP_0100774'>hyperostosis</z:hpo> cases </plain></SENT>
</text></document>