<document xmlns:xlink="http://www.w3.org/1999/xlink" xmlns:z="http://www.ebi.ac.uk/z" source="Whatizit"><text><SENT sid="0" pm="."><plain>Lamellated cortical <z:hpo ids='HP_0100774'>hyperostosis</z:hpo> about the long bones of a premature infant is usually an indication of trauma, <z:e sem="disease" ids="C0275544" disease_type="Disease or Syndrome" abbrv="">congenital infection</z:e> or <z:e sem="disease" ids="C0020497" disease_type="Disease or Syndrome" abbrv="">Caffey disease</z:e> </plain></SENT>
<SENT sid="1" pm="."><plain><z:chebi fb="11" ids="26333">Prostaglandin</z:chebi> preparations are now being used for extended periods of time to keep the <z:hpo ids='HP_0001643'>ductus arteriosus</z:hpo> open </plain></SENT>
<SENT sid="2" pm="."><plain>As a result of the long-term use of this drug, bilaterally symmetric marked diaphyseal periosteal new bone can be induced </plain></SENT>
</text></document>