<document xmlns:xlink="http://www.w3.org/1999/xlink" xmlns:z="http://www.ebi.ac.uk/z" source="Whatizit"><text><SENT sid="0" pm="."><plain><z:e sem="disease" ids="C0264082" disease_type="Disease or Syndrome" abbrv="">Craniomandibular osteopathy</z:e> is a disease of several breeds of dogs, principally West Highland White and Scottish terriers </plain></SENT>
<SENT sid="1" pm="."><plain>It is characterized by a non-neoplastic proliferation of bone on the ramus of the mandible and/or the tympanic <z:mp ids='MP_0008854'>bulla</z:mp> </plain></SENT>
<SENT sid="2" pm="."><plain>The disease in various respects resembles <z:e sem="disease" ids="C0029401" disease_type="Disease or Syndrome" abbrv="">Paget's disease</z:e> and infantile cortical <z:hpo ids='HP_0100774'>hyperostosis</z:hpo> of humans </plain></SENT>
<SENT sid="3" pm="."><plain>A retrospective pedigree analysis of a kindred of West Highland White terriers was performed to determine if the trait was inherited and to determine <z:hpo ids='HP_0000005'>mode of inheritance</z:hpo> </plain></SENT>
<SENT sid="4" pm="."><plain>This study indicated that in West Highland White terriers, the condition is an <z:hpo ids='HP_0000007'>autosomal recessive</z:hpo> trait </plain></SENT>
</text></document>