<document xmlns:xlink="http://www.w3.org/1999/xlink" xmlns:z="http://www.ebi.ac.uk/z" source="Whatizit"><text><SENT sid="0" pm="."><plain>A case is presented in which a delay in diagnosis and treatment of <z:hpo ids='HP_0002754'>osteomyelitis</z:hpo> occurred because of diagnostic <z:hpo ids='HP_0001289'>confusion</z:hpo> between the patient's <z:hpo ids='HP_0002754'>osteomyelitis</z:hpo> and his coincident infantile cortical <z:hpo ids='HP_0100774'>hyperostosis</z:hpo> </plain></SENT>
</text></document>