<document xmlns:xlink="http://www.w3.org/1999/xlink" xmlns:z="http://www.ebi.ac.uk/z" source="Whatizit"><text><SENT sid="0" pm="."><plain>Report of the 10th case of infantile cortical <z:hpo ids='HP_0100774'>hyperostosis</z:hpo> (<z:e sem="disease" ids="AmbiguousAbbrv" disease_type="AmbiguousAbbrv" abbrv="ambiguous">ICH</z:e>), diagnosed in utero </plain></SENT>
<SENT sid="1" pm="."><plain>Because of a hydramnion noted in the 29th week of gestation, a 38 years old pregnant women was admitted to hospital </plain></SENT>
<SENT sid="2" pm="."><plain>Ultrasound, radiographs of the unborn child and amninography were obtained </plain></SENT>
<SENT sid="3" pm="."><plain>The radiographic and clinical signs of <z:e sem="disease" ids="C0020497" disease_type="Disease or Syndrome" abbrv="">Caffey's disease</z:e> are reviewed, and the literature particularly reports on prenatal <z:hpo ids='HP_0003674'>onset</z:hpo> are analyzed </plain></SENT>
<SENT sid="4" pm="."><plain>The present "etiologic theories" are discussed </plain></SENT>
</text></document>