<document xmlns:xlink="http://www.w3.org/1999/xlink" xmlns:z="http://www.ebi.ac.uk/z" source="Whatizit"><text><SENT sid="0" pm="."><plain>Infantile cortical <z:hpo ids='HP_0100774'>hyperostosis</z:hpo> may mimic a variety of serious conditions in early infancy, such as trauma, <z:e sem="disease" ids="C1510471" disease_type="Disease or Syndrome" abbrv="">vitamin deficiencies</z:e>, <z:e sem="disease" ids="C0021311,C0009450" disease_type="Disease or Syndrome" abbrv="">infection</z:e>, or <z:e sem="disease" ids="C0027651" disease_type="Neoplastic Process" abbrv="">tumors</z:e>, In a patient in good general condition there are typical roentgenological features often with involvement of the mandible that are diagnostic of the condition </plain></SENT>
<SENT sid="1" pm="."><plain>In 3 cases of infantile cortical <z:hpo ids='HP_0100774'>hyperostosis</z:hpo> (<z:e sem="disease" ids="C0020497" disease_type="Disease or Syndrome" abbrv="">Caffey's disease</z:e>), one had the clinical picture of Erb's palsy and subsequently developed <z:hpo ids='HP_0100774'>hyperostosis</z:hpo> of the scapula </plain></SENT>
<SENT sid="2" pm="."><plain>The second, had a "pulled elbow" and <z:e sem="disease" ids="C1306600" disease_type="Disease or Syndrome" abbrv="">radial nerve palsy</z:e> and later developed hyperostotic changes in the humerus and radius on the same side </plain></SENT>
<SENT sid="3" pm="."><plain>The third was referred for treatment of congenital torticollis and found to develop <z:hpo ids='HP_0100774'>hyperostosis</z:hpo> of the clavicle on the same side </plain></SENT>
<SENT sid="4" pm="."><plain>The recognition of this condition obviates unnecessary prolonged investigation and treatment </plain></SENT>
</text></document>