<document xmlns:xlink="http://www.w3.org/1999/xlink" xmlns:z="http://www.ebi.ac.uk/z" source="Whatizit"><text><SENT sid="0" pm="."><plain>Infantile cortical <z:hpo ids='HP_0100774'>hyperostosis</z:hpo> (<z:e sem="disease" ids="AmbiguousAbbrv" disease_type="AmbiguousAbbrv" abbrv="ambiguous">ICH</z:e>), or <z:e sem="disease" ids="C0020497" disease_type="Disease or Syndrome" abbrv="">Caffey's disease</z:e>, first reported by <z:e sem="disease" ids="C0020497" disease_type="Disease or Syndrome" abbrv="">Caffey</z:e> and Silverman in 1945, is a benign condition characterized radiographically by corticoperiosteal thickening of bone with subperiosteal new bone formation </plain></SENT>
<SENT sid="1" pm="."><plain>Sites of occurrence vary, with the mandible being involved in 75%-80% of cases </plain></SENT>
<SENT sid="2" pm="."><plain>The following is a case report of <z:e sem="disease" ids="AmbiguousAbbrv" disease_type="AmbiguousAbbrv" abbrv="ambiguous">ICH</z:e> limited to four contiguous ribs with no evidence of mandibular involvement </plain></SENT>
</text></document>