<document xmlns:xlink="http://www.w3.org/1999/xlink" xmlns:z="http://www.ebi.ac.uk/z" source="Whatizit"><text><SENT sid="0" pm="."><plain>Infantile cortical <z:hpo ids='HP_0100774'>hyperostosis</z:hpo> occurred in three generations of a family affecting eight different members </plain></SENT>
<SENT sid="1" pm="."><plain>As confirmed in this family, <z:e sem="disease" ids="C0020497" disease_type="Disease or Syndrome" abbrv="">Caffey disease</z:e> is an <z:hpo ids='HP_0000006'>autosomal dominant</z:hpo> disorder of unknown etiology, with <z:hpo ids='HP_0003829'>incomplete penetrance</z:hpo> and variable expression </plain></SENT>
</text></document>