<document xmlns:xlink="http://www.w3.org/1999/xlink" xmlns:z="http://www.ebi.ac.uk/z" source="Whatizit"><text><SENT sid="0" pm="."><plain>Infantile cortical <z:hpo ids='HP_0100774'>hyperostosis</z:hpo> is a rare proliferative <z:e sem="disease" ids="C0005940" disease_type="Disease or Syndrome" abbrv="">bone disease</z:e> affecting infants under the age of 6 months </plain></SENT>
<SENT sid="1" pm="."><plain>In 1961 a large family of French-Canadian origin in which 14 children in three generations were affected was described </plain></SENT>
<SENT sid="2" pm="."><plain>Since then 20 new cases have been found in this family </plain></SENT>
<SENT sid="3" pm="."><plain>This is the largest familial aggregation of this disease reported in the literature to date </plain></SENT>
<SENT sid="4" pm="."><plain>On the basis of the findings in this pedigree, the familial form of the disease appears to be transmitted by a single <z:hpo ids='HP_0000006'>autosomal dominant</z:hpo> gene with <z:hpo ids='HP_0003829'>incomplete penetrance</z:hpo> and <z:hpo ids='HP_0003828'>variable expressivity</z:hpo> </plain></SENT>
</text></document>