<document xmlns:xlink="http://www.w3.org/1999/xlink" xmlns:z="http://www.ebi.ac.uk/z" source="Whatizit"><text><SENT sid="0" pm="."><plain>This case of familial infantile cortical <z:hpo ids='HP_0100774'>hyperostosis</z:hpo> is reported because of 2 special features: abnormal x-rays were available in the mother and one son; the mother presented with late manifestations </plain></SENT>
<SENT sid="1" pm="."><plain>Literature data show the fairly high incidence of familial cases of <z:e sem="disease" ids="C0020497" disease_type="Disease or Syndrome" abbrv="">Caffey disease</z:e>; however, both particular features reported here were rarely mentioned </plain></SENT>
</text></document>