<document xmlns:xlink="http://www.w3.org/1999/xlink" xmlns:z="http://www.ebi.ac.uk/z" source="Whatizit"><text><SENT sid="0" pm="."><plain><z:e sem="disease" ids="C0020497" disease_type="Disease or Syndrome" abbrv="">Caffey's disease</z:e> or infantile cortical <z:hpo ids='HP_0100774'>hyperostosis</z:hpo> is a rare condition affecting infants in the first five months of life </plain></SENT>
<SENT sid="1" pm="."><plain>Varying forms of its presentation are illustrated by the four case reports described </plain></SENT>
<SENT sid="2" pm="."><plain>The aetiology, pathology, differential diagnosis and management are discussed </plain></SENT>
<SENT sid="3" pm="."><plain>It is possible that <z:e sem="disease" ids="C0020497" disease_type="Disease or Syndrome" abbrv="">Caffey's Disease</z:e> is becoming more frequent, and as the mandible is involved in over 90 per cent of cases, the oral surgeon increasingly may be presented with these cases which can be very difficult to diagnose </plain></SENT>
</text></document>