<document xmlns:xlink="http://www.w3.org/1999/xlink" xmlns:z="http://www.ebi.ac.uk/z" source="Whatizit"><text><SENT sid="0" pm="."><plain>In 1961, the senior author reported 11 members of one family with infantile cortical <z:hpo ids='HP_0100774'>hyperostosis</z:hpo> </plain></SENT>
<SENT sid="1" pm="."><plain>Since then, 10 new cases have occurred in this family resulting in a total of 21 cases </plain></SENT>
<SENT sid="2" pm="."><plain>The incidence of infantile cortical <z:hpo ids='HP_0100774'>hyperostosis</z:hpo> in this family is as common today as it was two generations ago, and there has been no diminution in the incidence </plain></SENT>
<SENT sid="3" pm="."><plain>Several patients with minimal or no clinical symptoms would have gone unrecognized had it not been for the family history of the disorder </plain></SENT>
<SENT sid="4" pm="."><plain>On the basis of this study, infantile cortical <z:hpo ids='HP_0100774'>hyperostosis</z:hpo> is inherited as an <z:hpo ids='HP_0000006'>autosomal dominant</z:hpo> with variable penetrance </plain></SENT>
</text></document>