<document xmlns:xlink="http://www.w3.org/1999/xlink" xmlns:z="http://www.ebi.ac.uk/z" source="Whatizit"><text><SENT sid="0" pm="."><plain>A 3-month old infant was found to suffer from a solid painless soft tissue swelling situated in his left scapular region and accompanied by pronounced <z:hpo ids='HP_0001903'>anaemia</z:hpo> and <z:hpo ids='HP_0003565'>raised erythrocyte sedimentation rate</z:hpo> </plain></SENT>
<SENT sid="1" pm="."><plain>The ominous clinical course as well as X-ray pictures of the scapula gave rise to a suspicion of a <z:e sem="disease" ids="C0006826" disease_type="Neoplastic Process" abbrv="">malignant tumour</z:e> development </plain></SENT>
<SENT sid="2" pm="."><plain>Biopsy from the surface of the bone gave no unambiguous answer </plain></SENT>
<SENT sid="3" pm="."><plain>A histological examination of the whole surgically removed shoulder blade revealed the presence of infantile cortical <z:hpo ids='HP_0100774'>hyperostosis</z:hpo> </plain></SENT>
</text></document>