<document xmlns:xlink="http://www.w3.org/1999/xlink" xmlns:z="http://www.ebi.ac.uk/z" source="Whatizit"><text><SENT sid="0" pm="."><plain>We report a male, prematurely born, affected by an Infantile Cortical <z:hpo ids='HP_0100774'>Hyperostosis</z:hpo> </plain></SENT>
<SENT sid="1" pm="."><plain>He had very <z:hpo ids='HP_0002719'>frequent infections</z:hpo> in skin, ear, meninges, gastrointestinal and respiratory system </plain></SENT>
<SENT sid="2" pm="."><plain>He died at 13 months during a varicella, and an immunological defect was suspected, but could not be proved </plain></SENT>
<SENT sid="3" pm="."><plain>Our patient showed some remarkable peculiarities </plain></SENT>
<SENT sid="4" pm="."><plain>He was premature, uncommon fact, and associated constant <z:e sem="disease" ids="C0021311,C0009450" disease_type="Disease or Syndrome" abbrv="">infections</z:e>, undernutrition and fatal varicella </plain></SENT>
<SENT sid="5" pm="."><plain>This case support the relationship between Infantile Cortical <z:hpo ids='HP_0100774'>Hyperostosis</z:hpo> and <z:e sem="disease" ids="C0021311,C0009450" disease_type="Disease or Syndrome" abbrv="">infection</z:e> </plain></SENT>
</text></document>