<document xmlns:xlink="http://www.w3.org/1999/xlink" xmlns:z="http://www.ebi.ac.uk/z" source="Whatizit"><text><SENT sid="0" pm="."><plain>A family with six members affected with <z:e sem="disease" ids="C0020497" disease_type="Disease or Syndrome" abbrv="">Caffey's disease</z:e> (infantile cortical <z:hpo ids='HP_0100774'>hyperostosis</z:hpo>) demonstrates marked variability in expression and <z:hpo ids='HP_0003829'>incomplete penetrance</z:hpo> for this <z:hpo ids='HP_0000006'>autosomal dominant</z:hpo> condition </plain></SENT>
<SENT sid="1" pm="."><plain>Twenty-five additional instances of familial <z:e sem="disease" ids="C0020497" disease_type="Disease or Syndrome" abbrv="">Caffey's disease</z:e> (with a total of 104 persons affected) are reviewed </plain></SENT>
<SENT sid="2" pm="."><plain>From the 1940s to 1960s, <z:hpo ids='HP_0003745'>sporadic</z:hpo> cases of <z:e sem="disease" ids="C0020497" disease_type="Disease or Syndrome" abbrv="">Caffey's disease</z:e> occurred more commonly than did familial cases and probably represented environmentally produced phenocopies </plain></SENT>
<SENT sid="3" pm="."><plain>Such <z:hpo ids='HP_0003745'>isolated cases</z:hpo> are rarely seen today </plain></SENT>
<SENT sid="4" pm="."><plain>FAmilial <z:e sem="disease" ids="C0020497" disease_type="Disease or Syndrome" abbrv="">Caffey's disease</z:e> differs in several aspects from the <z:hpo ids='HP_0003745'>sporadic</z:hpo> type, having an earlier <z:hpo ids='HP_0003674'>onset</z:hpo> of disease (24% at birth), less frequent mandibular involvement, and more frequent lower-extremity involvement </plain></SENT>
<SENT sid="5" pm="."><plain>Cases of <z:e sem="disease" ids="C0020497" disease_type="Disease or Syndrome" abbrv="">Caffey's disease</z:e> detected today should have appropriate radiologic testing of other family members to search for evidence of disease </plain></SENT>
<SENT sid="6" pm="."><plain>Prompt recognition allows for conservative management of this usually self-limited condition </plain></SENT>
</text></document>