<document xmlns:xlink="http://www.w3.org/1999/xlink" xmlns:z="http://www.ebi.ac.uk/z" source="Whatizit"><text><SENT sid="0" pm="."><plain>Infantile cortical <z:hpo ids='HP_0100774'>hyperostosis</z:hpo> (<z:e sem="disease" ids="C0020497" disease_type="Disease or Syndrome" abbrv="">Caffey</z:e>-Silverman syndrome) is an uncommon and not well-understood disorder </plain></SENT>
<SENT sid="1" pm="."><plain>Most authors confine cortical <z:hpo ids='HP_0100774'>hyperostosis</z:hpo> strictly to infants under six months of age as originally described by <z:e sem="disease" ids="C0020497" disease_type="Disease or Syndrome" abbrv="">Caffey</z:e> </plain></SENT>
<SENT sid="2" pm="."><plain>Others indicate they have seen the same clinical, radiographic, and pathologic problem in older children as initial presentations or as a recurrence where the infantile phase had possibly been unrecognized </plain></SENT>
<SENT sid="3" pm="."><plain>This is a report of idiopathic cortical <z:hpo ids='HP_0100774'>hyperostosis</z:hpo> (<z:e sem="disease" ids="AmbiguousAbbrv" disease_type="AmbiguousAbbrv" abbrv="ambiguous">ICH</z:e>) in an 11-year-old girl who had no history of the disorder as an infant </plain></SENT>
<SENT sid="4" pm="."><plain>The report confirms others who have documented cortical <z:hpo ids='HP_0100774'>hyperostosis</z:hpo> in older children and postulates that it is the same entity as infantile cortical <z:hpo ids='HP_0100774'>hyperostosis</z:hpo> </plain></SENT>
</text></document>