<document xmlns:xlink="http://www.w3.org/1999/xlink" xmlns:z="http://www.ebi.ac.uk/z" source="Whatizit"><text><SENT sid="0" pm="."><plain>Late recurrence or a delayed form of <z:e sem="disease" ids="C0020497" disease_type="Disease or Syndrome" abbrv="">Caffey's disease</z:e> is an exceedingly rare condition of unknown cause </plain></SENT>
<SENT sid="1" pm="."><plain>A 3 1/2-year-old boy is presented with delayed <z:e sem="disease" ids="C0020497" disease_type="Disease or Syndrome" abbrv="">Caffey's disease</z:e> showing unilateral involvement of maxilla and zygoma </plain></SENT>
</text></document>