<document xmlns:xlink="http://www.w3.org/1999/xlink" xmlns:z="http://www.ebi.ac.uk/z" source="Whatizit"><text><SENT sid="0" pm="."><plain>An infant is described who presented with <z:hpo ids='HP_0000508'>ptosis</z:hpo> and periorbital <z:hpo ids='HP_0000969'>oedema</z:hpo> and was found to have infantile cortical <z:hpo ids='HP_0100774'>hyperostosis</z:hpo> with <z:hpo ids='HP_0001894'>thrombocytosis</z:hpo>, raised IgM, and <z:hpo ids='HP_0100513'>vitamin E deficiency</z:hpo> </plain></SENT>
</text></document>