<document xmlns:xlink="http://www.w3.org/1999/xlink" xmlns:z="http://www.ebi.ac.uk/z" source="Whatizit"><text><SENT sid="0" pm="."><plain>Two cases of infantile cortical <z:hpo ids='HP_0100774'>hyperostosis</z:hpo> (Caffrey's disease) are presented </plain></SENT>
<SENT sid="1" pm="."><plain>This syndrome is characterized by diaphyseal cortical swelling of flat bones as well as long bones, often polyostotic but sometimes confirmed to one bone, e.g. the mandible </plain></SENT>
<SENT sid="2" pm="."><plain>Prominent clinical features are <z:hpo ids='HP_0000737'>irritability</z:hpo> and painful firm swelling of soft tissues, as well as <z:hpo ids='HP_0000980'>pallor</z:hpo> and subfebrile temperatures </plain></SENT>
<SENT sid="3" pm="."><plain>Serological reactions and blood cultures are negative and histological findings are non-specific </plain></SENT>
<SENT sid="4" pm="."><plain>Differential diagnosis should account for bone <z:e sem="disease" ids="C0039128" disease_type="Disease or Syndrome" abbrv="">syphilis</z:e>, <z:e sem="disease" ids="C0342951" disease_type="Disease or Syndrome" abbrv="">hypervitaminosis</z:e> A, <z:e sem="disease" ids="C0004842" disease_type="Disease or Syndrome" abbrv="">battered child syndrome</z:e> and <z:hpo ids='HP_0002754'>osteomyelitis</z:hpo> </plain></SENT>
<SENT sid="5" pm="."><plain>The prognosis is favourable </plain></SENT>
</text></document>