<document xmlns:xlink="http://www.w3.org/1999/xlink" xmlns:z="http://www.ebi.ac.uk/z" source="Whatizit"><text><SENT sid="0" pm="."><plain>A patient with infantile cortical <z:hpo ids='HP_0100774'>hyperostosis</z:hpo> (<z:e sem="disease" ids="AmbiguousAbbrv" disease_type="AmbiguousAbbrv" abbrv="ambiguous">ICH</z:e>) is presented </plain></SENT>
<SENT sid="1" pm="."><plain>Common features in <z:hpo ids='HP_0000001'>all</z:hpo> reported patients include: <z:hpo ids='HP_0003674'>onset</z:hpo> in the early part of the 1st year, tender swellings in more than one site and multiple scattered <z:e sem="disease" ids="C0020492" disease_type="Disease or Syndrome" abbrv="">hyperostoses</z:e> shown by radiography, but no previous study has determined the cause or origin of <z:e sem="disease" ids="AmbiguousAbbrv" disease_type="AmbiguousAbbrv" abbrv="ambiguous">ICH</z:e> </plain></SENT>
<SENT sid="2" pm="."><plain>Biopsy of bony lesions only reveals <z:mpath ids='MPATH_134'>hyperplasia</z:mpath> of the lamellar cortical bone, without <z:mp ids='MP_0001845'>inflammation</z:mp> or subperiosteal haemorrhage </plain></SENT>
<SENT sid="3" pm="."><plain>Although MRI resulted in excellent images for differentiation between bony and soft tissue structures and for evaluation of the extent of soft tissue involvement, it had no additional value in the management of the patient </plain></SENT>
<SENT sid="4" pm="."><plain>Only in questionable cases can MRI provide additional information about the presence of a subperiosteal haemorrhage </plain></SENT>
<SENT sid="5" pm="."><plain>Radiographic examination, in addition to clinical history and physical examination, is considered sufficient with regard to differential diagnosis and follow up of <z:e sem="disease" ids="AmbiguousAbbrv" disease_type="AmbiguousAbbrv" abbrv="ambiguous">ICH</z:e> </plain></SENT>
</text></document>