<document xmlns:xlink="http://www.w3.org/1999/xlink" xmlns:z="http://www.ebi.ac.uk/z" source="Whatizit"><text><SENT sid="0" pm="."><plain>With reference to a new case of <z:e sem="disease" ids="C0020497" disease_type="Disease or Syndrome" abbrv="">Caffey's disease</z:e>, or infantile cortical <z:hpo ids='HP_0100774'>hyperostosis</z:hpo>, of maxillary origin, the authors stress in particular the necessity to eliminate the possibility of Silverman's syndrome and the diagnostic problem posed by <z:hpo ids='HP_0011010'>chronic</z:hpo> tumefactions of the angle in children </plain></SENT>
</text></document>