<document xmlns:xlink="http://www.w3.org/1999/xlink" xmlns:z="http://www.ebi.ac.uk/z" source="Whatizit"><text><SENT sid="0" pm="."><plain>Swelling over the face in infancy may be caused by <z:hpo ids='HP_0011850'>parotitis</z:hpo>, <z:mpath ids='MPATH_612'>abscess</z:mpath> glandulae parotis, <z:hpo ids='HP_0002754'>osteomyelitis</z:hpo>, purulent lymph node, <z:e sem="disease" ids="C0005967" disease_type="Neoplastic Process" abbrv="">bone tumor</z:e> or by infantile cortical <z:hpo ids='HP_0100774'>hyperostosis</z:hpo> (the <z:e sem="disease" ids="C0020497" disease_type="Disease or Syndrome" abbrv="">Caffey</z:e>-Silverman syndrome) </plain></SENT>
<SENT sid="1" pm="."><plain>The case report shows the typical clinical, laboratory and radiographic changes seen in infantile cortical <z:hpo ids='HP_0100774'>hyperostosis</z:hpo> </plain></SENT>
<SENT sid="2" pm="."><plain>It is a benign condition, often disappearing spontaneously but also cases of recurrence are known </plain></SENT>
<SENT sid="3" pm="."><plain>The knowledge of the typical signs and laboratory findings enables the determination of a quick and reliable diagnosis </plain></SENT>
</text></document>