<document xmlns:xlink="http://www.w3.org/1999/xlink" xmlns:z="http://www.ebi.ac.uk/z" source="Whatizit"><text><SENT sid="0" pm="."><plain>The metaphyseal collar due to the periphysis is lost (in 98% of 49 subjects) as an early sign of <z:hpo ids='HP_0002748'>rickets</z:hpo> and returns with recovery </plain></SENT>
<SENT sid="1" pm="."><plain>The term "pseudophysis" refers to that unossified metaphyseal osteoid and cartilage as in <z:hpo ids='HP_0002748'>rickets</z:hpo> </plain></SENT>
<SENT sid="2" pm="."><plain>The collar is intact in <z:hpo ids='HP_0005871'>metaphyseal chondrodysplasias</z:hpo> (a helpful sign in differential diagnosis from <z:hpo ids='HP_0002748'>rickets</z:hpo>), is shortened in <z:e sem="disease" ids="C0001080" disease_type="Disease or Syndrome;Congenital Abnormality" abbrv="">achondroplasia</z:e>, and frequently is spared in <z:hpo ids='HP_0002754'>osteomyelitis</z:hpo>, luetic <z:e sem="disease" ids="C0005940" disease_type="Disease or Syndrome" abbrv="">bone disease</z:e>, and <z:e sem="disease" ids="C0020497" disease_type="Disease or Syndrome" abbrv="">Caffey</z:e> infantile cortical <z:hpo ids='HP_0100774'>hyperostosis</z:hpo> </plain></SENT>
<SENT sid="3" pm="."><plain>The periphyseal bone bark is thinned, but often apparent, in <z:hpo ids='HP_0002748'>rickets</z:hpo>, and is not thinned in cases of <z:e sem="disease" ids="C0268484" disease_type="Disease or Syndrome" abbrv="">tyrosinosis</z:e> and <z:e sem="disease" ids="C0751434,C0031485" disease_type="Disease or Syndrome" abbrv="">phenylketonuria</z:e> </plain></SENT>
</text></document>