<document xmlns:xlink="http://www.w3.org/1999/xlink" xmlns:z="http://www.ebi.ac.uk/z" source="Whatizit"><text><SENT sid="0" pm="."><plain>We describe 2 sibs with lethal, prenatal-<z:hpo ids='HP_0003674'>onset</z:hpo> cortical <z:hpo ids='HP_0100774'>hyperostosis</z:hpo> </plain></SENT>
<SENT sid="1" pm="."><plain>Antenatal sonographic diagnosis of the first sib was that of <z:hpo ids='HP_0008873'>short limb dwarfism</z:hpo> and <z:hpo ids='HP_0006644'>thoracic dysplasia</z:hpo> (nonspecific), possibly <z:e sem="disease" ids="C0029434" disease_type="Disease or Syndrome" abbrv="">osteogenesis imperfecta</z:e> </plain></SENT>
<SENT sid="2" pm="."><plain>The second sib had a similar appearance on ultrasonography </plain></SENT>
<SENT sid="3" pm="."><plain>The thickened, irregularly echodense diaphyses were an aid to diagnosis </plain></SENT>
<SENT sid="4" pm="."><plain>Although <z:hpo ids='HP_0003745'>sporadic</z:hpo> cases and <z:hpo ids='HP_0000006'>autosomal dominant inheritance</z:hpo> have been described, an <z:hpo ids='HP_0000007'>autosomal recessive</z:hpo> cause for the lethal prenatal <z:hpo ids='HP_0003674'>onset</z:hpo> cases cannot be excluded </plain></SENT>
</text></document>