<document xmlns:xlink="http://www.w3.org/1999/xlink" xmlns:z="http://www.ebi.ac.uk/z" source="Whatizit"><text><SENT sid="0" pm="."><plain><z:e sem="disease" ids="C0020497" disease_type="Disease or Syndrome" abbrv="">Caffey's disease</z:e> is a cortical <z:hpo ids='HP_0100774'>hyperostosis</z:hpo>, which presents during infancy </plain></SENT>
<SENT sid="1" pm="."><plain>Etiology remains unclear </plain></SENT>
<SENT sid="2" pm="."><plain>Familial occurrence has been documented in the literature </plain></SENT>
<SENT sid="3" pm="."><plain>Reported here is infantile cortical <z:hpo ids='HP_0100774'>hyperostosis</z:hpo> that occurred in a father and his two daughters </plain></SENT>
<SENT sid="4" pm="."><plain>The familial occurrence would suggest a genetic basis for <z:e sem="disease" ids="C0020497" disease_type="Disease or Syndrome" abbrv="">Caffey's disease</z:e>; however, it remains consistent with <z:e sem="disease" ids="C0021311,C0009450" disease_type="Disease or Syndrome" abbrv="">infection</z:e> by an agent with a long latency period as has been strongly suggested in <z:e sem="disease" ids="C0029401" disease_type="Disease or Syndrome" abbrv="">Paget's disease</z:e> </plain></SENT>
</text></document>