<document xmlns:xlink="http://www.w3.org/1999/xlink" xmlns:z="http://www.ebi.ac.uk/z" source="Whatizit"><text><SENT sid="0" pm="."><plain>Infantile cortical <z:hpo ids='HP_0100774'>hyperostosis</z:hpo> (<z:e sem="disease" ids="AmbiguousAbbrv" disease_type="AmbiguousAbbrv" abbrv="ambiguous">ICH</z:e>), or <z:e sem="disease" ids="C0020497" disease_type="Disease or Syndrome" abbrv="">Caffey's disease</z:e>, has a low prevalence, is not easily recognized clinically, and is seldom reported in the primary care literature </plain></SENT>
<SENT sid="1" pm="."><plain>A case of infantile cortical <z:hpo ids='HP_0100774'>hyperostosis</z:hpo> of the right mandible of a newborn is reported </plain></SENT>
<SENT sid="2" pm="."><plain>Multiple radiographic tests, as well as bone biopsy, were necessary to establish a definitive diagnosis </plain></SENT>
<SENT sid="3" pm="."><plain>The most striking features of this disease are presented, including the clinical and physical presentation, radiographic characteristics, and pathology </plain></SENT>
</text></document>