<document xmlns:xlink="http://www.w3.org/1999/xlink" xmlns:z="http://www.ebi.ac.uk/z" source="Whatizit"><text><SENT sid="0" pm="."><plain>Report of a case of infantile cortical <z:hpo ids='HP_0100774'>hyperostosis</z:hpo> with localitation in the jaw-bone in a female child five month old </plain></SENT>
<SENT sid="1" pm="."><plain>Spontaneous resolution, not relapse </plain></SENT>
<SENT sid="2" pm="."><plain>There weren't other affected subjects in the same family </plain></SENT>
<SENT sid="3" pm="."><plain>Unknown etiology </plain></SENT>
<SENT sid="4" pm="."><plain>Discussion about the differential diagnosis and the therapeutic ways described in literature </plain></SENT>
</text></document>