<document xmlns:xlink="http://www.w3.org/1999/xlink" xmlns:z="http://www.ebi.ac.uk/z" source="Whatizit"><text><SENT sid="0" pm="."><plain>Infantile cortical <z:hpo ids='HP_0100774'>hyperostosis</z:hpo> (<z:e sem="disease" ids="AmbiguousAbbrv" disease_type="AmbiguousAbbrv" abbrv="ambiguous">ICH</z:e>), <z:e sem="disease" ids="C0020497" disease_type="Disease or Syndrome" abbrv="">Caffey disease</z:e>, is a multifocal, inflammatory skeletal process with classic <z:hpo ids='HP_0003674'>onset</z:hpo> before the fifth month of life and resolution by the age of 3 years </plain></SENT>
<SENT sid="1" pm="."><plain>A severe phenotype with early prenatal <z:hpo ids='HP_0003674'>onset</z:hpo> has also been described </plain></SENT>
<SENT sid="2" pm="."><plain><z:hpo ids='HP_0000005'>Inheritance</z:hpo> is generally accepted a <z:hpo ids='HP_0000006'>autosomal dominant</z:hpo> with variable expression and penetrance </plain></SENT>
<SENT sid="3" pm="."><plain>However, occurrence in siblings with no family history has been reported, raising the possibility of <z:hpo ids='HP_0001425'>heterogeneity</z:hpo> and the existence of a severe <z:hpo ids='HP_0000007'>autosomal recessive</z:hpo> form </plain></SENT>
<SENT sid="4" pm="."><plain>We describe a third family with prenatally diagnosed <z:e sem="disease" ids="AmbiguousAbbrv" disease_type="AmbiguousAbbrv" abbrv="ambiguous">ICH</z:e> in two siblings, providing further evidence for this form of <z:hpo ids='HP_0000005'>inheritance</z:hpo> </plain></SENT>
</text></document>