<document xmlns:xlink="http://www.w3.org/1999/xlink" xmlns:z="http://www.ebi.ac.uk/z" source="Whatizit"><text><SENT sid="0" pm="."><plain><z:e sem="disease" ids="C0015464" disease_type="Disease or Syndrome" abbrv="">Facial nerve palsy</z:e> was diagnosed in a 13-month-old child with infantile cortical <z:hpo ids='HP_0100774'>hyperostosis</z:hpo> </plain></SENT>
<SENT sid="1" pm="."><plain><z:hpo ids='HP_0010628'>Facial palsy</z:hpo> preceded the roentgenographic evidence of <z:hpo ids='HP_0004472'>mandibular hyperostosis</z:hpo> but there was concurrent evidence of <z:hpo ids='HP_0100774'>hyperostosis</z:hpo> of multiple other bones </plain></SENT>
<SENT sid="2" pm="."><plain>This case exemplifies the importance of maintaining a high index of suspicion for infantile cortical <z:hpo ids='HP_0100774'>hyperostosis</z:hpo> in infants and children presenting with facial swelling and <z:e sem="disease" ids="C0015464" disease_type="Disease or Syndrome" abbrv="">facial nerve palsy</z:e> </plain></SENT>
</text></document>