<document xmlns:xlink="http://www.w3.org/1999/xlink" xmlns:z="http://www.ebi.ac.uk/z" source="Whatizit"><text><SENT sid="0" pm="."><plain>A case of infantile cortical <z:hpo ids='HP_0100774'>hyperostosis</z:hpo> (<z:e sem="disease" ids="C0020497" disease_type="Disease or Syndrome" abbrv="">Caffey's disease</z:e>) is presented with its usual clinical and radiological manifestations </plain></SENT>
<SENT sid="1" pm="."><plain>The accompanying <z:hpo ids='HP_0001903'>anaemia</z:hpo> and <z:hpo ids='HP_0001873'>thrombocytopenia</z:hpo> as seen in our case is discussed </plain></SENT>
<SENT sid="2" pm="."><plain>The possibility of autoantibodies secondary to an immunological defect is put forward to explain the cause of the <z:hpo ids='HP_0001903'>anaemia</z:hpo> and <z:hpo ids='HP_0001873'>thrombocytopenia</z:hpo> </plain></SENT>
<SENT sid="3" pm="."><plain>This may be a new feature of the disease or a modification of the current concept </plain></SENT>
</text></document>