<document xmlns:xlink="http://www.w3.org/1999/xlink" xmlns:z="http://www.ebi.ac.uk/z" source="Whatizit"><text><SENT sid="0" pm="."><plain>We describe a boy aged nine months with infantile cortical <z:hpo ids='HP_0100774'>hyperostosis</z:hpo> in association with cystic <z:mp ids='MP_0003045'>fibrosis</z:mp> </plain></SENT>
<SENT sid="1" pm="."><plain>Symmetrical periosteal thickening was present in the clavicles, ribs, femora, humeri, ulnae and radii </plain></SENT>
<SENT sid="2" pm="."><plain>Periosteal <z:hpo ids='HP_0100774'>hyperostosis</z:hpo> of the humerus developed in association with an increase in the levels of serum alkaline phosphatase a month before the appearance of hyperirritability and soft tissue swelling about the hip joints </plain></SENT>
<SENT sid="3" pm="."><plain>The condition gradually resolved during the following eight months </plain></SENT>
</text></document>