<document xmlns:xlink="http://www.w3.org/1999/xlink" xmlns:z="http://www.ebi.ac.uk/z" source="Whatizit"><text><SENT sid="0" pm="."><plain>We report a family with <z:hpo ids='HP_0005684'>distal arthrogryposis</z:hpo> and <z:hpo ids='HP_0000175'>cleft palate</z:hpo> which demonstrates the clinical overlap between Gordon syndrome and Aase-<z:e sem="disease" ids="C0175694" disease_type="Disease or Syndrome;Congenital Abnormality" abbrv="SLOS">Smith syndrome</z:e> </plain></SENT>
<SENT sid="1" pm="."><plain>The two syndromes may represent a single clinical entity </plain></SENT>
</text></document>