<document xmlns:xlink="http://www.w3.org/1999/xlink" xmlns:z="http://www.ebi.ac.uk/z" source="Whatizit"><text><SENT sid="0" pm="."><plain>Spitzer-Weinstein syndrome is a <z:e sem="disease" ids="C0678236" disease_type="Disease or Syndrome" abbrv="">rare disorder</z:e> characterized by <z:chebi fb="0" ids="50264">thiazide</z:chebi> responsive <z:hpo ids='HP_0002153'>hyperkalemia</z:hpo> and <z:mpath ids='MPATH_458'>normal</z:mpath> <z:chebi fb="5" ids="22563">anion</z:chebi> gap <z:hpo ids='HP_0001942'>metabolic acidosis</z:hpo>, similar to Gordon syndrome </plain></SENT>
<SENT sid="1" pm="."><plain>The hyperfunction of <z:chebi fb="0" ids="50264">thiazide</z:chebi>-sensitive <z:chebi fb="1" ids="29101">Na+</z:chebi>-<z:chebi fb="193" ids="17996">Cl-</z:chebi> cotransporter (TSC) is the main pathophysiological mechanism </plain></SENT>
<SENT sid="2" pm="."><plain>We presented a 19-year-old female with <z:hpo ids='HP_0004322'>short stature</z:hpo>, <z:mpath ids='MPATH_458'>normal</z:mpath> blood pressure, persistently elevated serum <z:chebi fb="120" ids="26216">potassium</z:chebi>, and <z:hpo ids='HP_0001942'>metabolic acidosis</z:hpo> </plain></SENT>
<SENT sid="3" pm="."><plain>The diagnosis of Spitzer-Weinstein Syndrome was made by clinical pictures and <z:chebi fb="0" ids="50264">thiazide</z:chebi> test </plain></SENT>
<SENT sid="4" pm="."><plain>After taking 4 mg hydrochlorothiazide, her daily urine <z:chebi fb="120" ids="26216">potassium</z:chebi> excretion increased from 18.1 mmol to 41.8 mmol, urine pH decreased from 7.32 to 6.50, and urinary net charge decreased from 65.7 to 54.4 </plain></SENT>
<SENT sid="5" pm="."><plain>This patient then took hydrochlorothiazide 4 mg daily </plain></SENT>
<SENT sid="6" pm="."><plain>The persistent <z:hpo ids='HP_0002153'>hyperkalemia</z:hpo> and <z:hpo ids='HP_0001942'>metabolic acidosis</z:hpo> were corrected </plain></SENT>
<SENT sid="7" pm="."><plain><z:chebi fb="0" ids="50264">Thiazide</z:chebi>, a powerful inhibitor of TSC, proved to be a useful tool for the diagnosis and treatment of Spitzer-Weinstein syndrome </plain></SENT>
</text></document>