<document xmlns:xlink="http://www.w3.org/1999/xlink" xmlns:z="http://www.ebi.ac.uk/z" source="Whatizit"><text><SENT sid="0" pm="."><plain>Germline mutations in the WNK4 gene originate Gordon syndrome or <z:hpo ids='HP_0008242'>pseudohypoaldosteronism</z:hpo> type II, a familial form of <z:hpo ids='HP_0000822'>hypertension</z:hpo> with <z:hpo ids='HP_0002153'>hyperkalemia</z:hpo> and <z:hpo ids='HP_0002150'>hypercalciuria</z:hpo> </plain></SENT>
<SENT sid="1" pm="."><plain>In order to elucidate the contribution of WNK4 genetic variants to <z:hpo ids='HP_0000822'>hypertension</z:hpo> and/or <z:hpo ids='HP_0000939'>osteoporosis</z:hpo>, we analyzed 271 control individuals and a cohort of 448 hypertensive and 372 <z:hpo ids='HP_0000939'>osteoporosis</z:hpo> patients from the Portuguese population </plain></SENT>
<SENT sid="2" pm="."><plain>Ten genetic variants were detected in 4.3% of the population under study, none of which revealed any significant association to the <z:hpo ids='HP_0000822'>hypertension</z:hpo> phenotype </plain></SENT>
<SENT sid="3" pm="."><plain>In contrast, a rare missense alteration within exon 17 in a highly conserved <z:chebi fb="0" ids="32700">arginine residue</z:chebi> showed a possible tendency for association to the <z:hpo ids='HP_0000939'>osteoporosis</z:hpo> group </plain></SENT>
<SENT sid="4" pm="."><plain>Our data suggest that WNK4 polymorphism rs56116165 is a rare allelic variant in a candidate gene with a biological function in renal calcium homeostasis that may contribute to a genetic predisposition to <z:hpo ids='HP_0000939'>osteoporosis</z:hpo> </plain></SENT>
</text></document>