<document xmlns:xlink="http://www.w3.org/1999/xlink" xmlns:z="http://www.ebi.ac.uk/z" source="Whatizit"><text><SENT sid="0" pm="."><plain>Salt-sensitive forms of <z:hpo ids='HP_0000822'>hypertension</z:hpo> have received considerable renewed attention in recent years </plain></SENT>
<SENT sid="1" pm="."><plain>This article focuses on 2 main forms of salt-sensitive <z:hpo ids='HP_0000822'>hypertension</z:hpo> (familial or genetic <z:e sem="disease" ids="C1719312,C1384514" disease_type="Disease or Syndrome" abbrv="">primary aldosteronism</z:e> [PA] and Gordon syndrome) and the current state of knowledge regarding their genetic bases </plain></SENT>
<SENT sid="2" pm="."><plain>The <z:chebi fb="1" ids="24261">glucocorticoid</z:chebi>-remediable form of familial PA (familial <z:hpo ids='HP_0000859'>hyperaldosteronism</z:hpo> type I) is dealt with only briefly because it is covered in depth elsewhere </plain></SENT>
</text></document>