<document xmlns:xlink="http://www.w3.org/1999/xlink" xmlns:z="http://www.ebi.ac.uk/z" source="Whatizit"><text><SENT sid="0" pm="."><plain>Basic examination of Mr S., 45 years of age, short in stature and overweight (1.60 m, 76 kg), was carried out because of the mild <z:hpo ids='HP_0000822'>hypertension</z:hpo> (mean AP 125 mm Hg) from which he had suffered for 20 years </plain></SENT>
<SENT sid="1" pm="."><plain>The results were as follows: (1) variable <z:hpo ids='HP_0002153'>hyperkalemia</z:hpo>: plasma <z:chebi fb="120" ids="26216">potassium</z:chebi> values were 5.3 to 6.9 mmol/l; (2) <z:mpath ids='MPATH_458'>normal</z:mpath> renal function: serum <z:chebi fb="0" ids="16737">creatinine</z:chebi> 91.5 mumol/l, clearance of <z:chebi fb="0" ids="15443">inulin</z:chebi> 136.6 ml/mn; (3) <z:hpo ids='HP_0002049'>proximal tubular acidosis</z:hpo>: plasma bicarbonate and <z:chebi fb="76" ids="17996">chloride</z:chebi> values were 18.4 and 109 mmol/l, respectively; urinary pH was 7.1 with negative H+ ions urinary excretion (-33 mumol/mn); when plasma bicarbonate level was raised to 26 mmol/l by <z:hpo ids='HP_0011009'>acute</z:hpo> loading, fractional excretion of bicarbonate increased to 19,5 p </plain></SENT>
<SENT sid="2" pm="."><plain>100 while plasma <z:chebi fb="120" ids="26216">potassium</z:chebi> value decreased to 4.2 mmol/l; (4) low PRA (0.29 ng/ml/h) and <z:mpath ids='MPATH_458'>normal</z:mpath> plasma <z:chebi fb="0" ids="27584,30834">aldosterone</z:chebi> concentration (63 pg/ml) with a <z:mpath ids='MPATH_458'>normal</z:mpath> intake of <z:chebi fb="199" ids="26708">sodium</z:chebi> and in a recumbent position </plain></SENT>
<SENT sid="3" pm="."><plain>Plasma atrial natriuretic factor (ANF) level was <z:mpath ids='MPATH_458'>normal</z:mpath>: 14 fmol/ml </plain></SENT>
<SENT sid="4" pm="."><plain>Intravenous infusion of ANF for 2 h (1 microgram/mn) induced the expected increases in urinary flow rate, and <z:chebi fb="199" ids="26708">sodium</z:chebi> and <z:chebi fb="120" ids="26216">potassium</z:chebi> excretions (+226, +307 and +171 p </plain></SENT>
<SENT sid="5" pm="."><plain>100, respectively) </plain></SENT>
<SENT sid="6" pm="."><plain>Intravenous infusion of isotonic saline (2 l in 2 h) and oral administration of <z:chebi fb="0" ids="50885">fludrocortisone</z:chebi> <z:chebi fb="49" ids="30089,47622">acetate</z:chebi> for 4 weeks (400 micrograms per day) resulted in a <z:mpath ids='MPATH_458'>normal</z:mpath> decrease in PRA and plasma <z:chebi fb="0" ids="27584,30834">aldosterone</z:chebi> concentration, a <z:mpath ids='MPATH_458'>normal</z:mpath> rise in plasma ANF level (22 and 42 fmol/ml) while slightly increasing AP without improving <z:hpo ids='HP_0003646'>bicarbonaturia</z:hpo> and <z:hpo ids='HP_0001941'>acidosis</z:hpo>.(ABSTRACT TRUNCATED AT 250 WORDS) </plain></SENT>
</text></document>