<document xmlns:xlink="http://www.w3.org/1999/xlink" xmlns:z="http://www.ebi.ac.uk/z" source="Whatizit"><text><SENT sid="0" pm="."><plain>A second family is described in which <z:mp ids='MP_0003807'>camptodactyly</z:mp>, <z:hpo ids='HP_0001762'>club foot</z:hpo>, and <z:hpo ids='HP_0000175'>cleft palate</z:hpo> (the Gordon syndrome) is transmitted in a pattern consistent with <z:hpo ids='HP_0000006'>autosomal dominant inheritance</z:hpo> with <z:hpo ids='HP_0003829'>reduced penetrance</z:hpo> and <z:hpo ids='HP_0003828'>variable expressivity</z:hpo> </plain></SENT>
<SENT sid="1" pm="."><plain>Penetrance appears to be more reduced in females than in males, and <z:hpo ids='HP_0000175'>cleft palate</z:hpo> is the least frequently manifested trait </plain></SENT>
</text></document>