<document xmlns:xlink="http://www.w3.org/1999/xlink" xmlns:z="http://www.ebi.ac.uk/z" source="Whatizit"><text><SENT sid="0" pm="."><plain>The triad of a <z:mp ids='MP_0003807'>camptodactyly</z:mp>, <z:hpo ids='HP_0001762'>club feet</z:hpo>, and <z:hpo ids='HP_0000175'>cleft palate</z:hpo>, called the Gordon syndrome, is a rare <z:hpo ids='HP_0000006'>autosomal dominant</z:hpo> trait with <z:hpo ids='HP_0003828'>variable expressivity</z:hpo>, known from only three previously described families </plain></SENT>
<SENT sid="1" pm="."><plain>Here we report the condition in a mother and her daughter </plain></SENT>
<SENT sid="2" pm="."><plain>They also had several previously undescribed anomalies, which suggests that the Gordon syndrome is a more complex malformation syndrome than previously suspected </plain></SENT>
</text></document>