<document xmlns:xlink="http://www.w3.org/1999/xlink" xmlns:z="http://www.ebi.ac.uk/z" source="Whatizit"><text><SENT sid="0" pm="."><plain>A family is reported in which <z:mp ids='MP_0003807'>camptodactyly</z:mp>, <z:hpo ids='HP_0001762'>club foot</z:hpo>, <z:hpo ids='HP_0000767'>pectus excavatum</z:hpo> and <z:hpo ids='HP_0000028'>undescended testes</z:hpo> are transmitted as an <z:hpo ids='HP_0000006'>autosomal dominant</z:hpo> with <z:hpo ids='HP_0003829'>reduced penetrance</z:hpo> and <z:hpo ids='HP_0003828'>variable expressivity</z:hpo>, affecting 13 members through five generations </plain></SENT>
<SENT sid="1" pm="."><plain>Penetrance is more reduced in females than in males and asymptomatic carriers are always females </plain></SENT>
<SENT sid="2" pm="."><plain>Similar findings were previously described in two other families reported by Gordon et al </plain></SENT>
<SENT sid="3" pm="."><plain>(1962) and Halal &amp; Fraser (1979) </plain></SENT>
</text></document>