<document xmlns:xlink="http://www.w3.org/1999/xlink" xmlns:z="http://www.ebi.ac.uk/z" source="Whatizit"><text><SENT sid="0" pm="."><plain>Gordon syndrome, the association of <z:hpo ids='HP_0000822'>hypertension</z:hpo> with hyperkalemic <z:hpo ids='HP_0001941'>acidosis</z:hpo>, has been described in older children and adults </plain></SENT>
<SENT sid="1" pm="."><plain>We report an affected family in which two of the members had exhibited the metabolic manifestations of the disease since infancy </plain></SENT>
<SENT sid="2" pm="."><plain>Both patients responded well to <z:chebi fb="0" ids="50264">thiazides</z:chebi> </plain></SENT>
<SENT sid="3" pm="."><plain>To our knowledge, these are the youngest patients with documented cases of Gordon syndrome </plain></SENT>
</text></document>