<document xmlns:xlink="http://www.w3.org/1999/xlink" xmlns:z="http://www.ebi.ac.uk/z" source="Whatizit"><text><SENT sid="0" pm="."><plain>A boy with multiple congenital anomalies including <z:hpo ids='HP_0009099'>median cleft palate</z:hpo>, <z:e sem="disease" ids="C0018775" disease_type="Disease or Syndrome" abbrv="">bilateral hearing loss</z:e>, clino- and <z:mp ids='MP_0003807'>camptodactyly</z:mp>, bilateral single palmar flexion creases, severe <z:mp ids='MP_0004144'>hypotonia</z:mp> with <z:hpo ids='HP_0002751'>kyphoscoliosis</z:hpo> and <z:hpo ids='HP_0002093'>respiratory insufficiency</z:hpo>, <z:hpo ids='HP_0001508'>failure to thrive</z:hpo>, <z:hpo ids='HP_0008689'>bilateral cryptorchidism</z:hpo> and <z:hpo ids='HP_0001999'>facial dysmorphism</z:hpo> (<z:hpo ids='HP_0000286'>epicanthus</z:hpo>, a <z:hpo ids='HP_0005280'>flat nasal bridge</z:hpo>, a small mouth, a small nose with <z:hpo ids='HP_0000463'>anteverted nostrils</z:hpo>, <z:hpo ids='HP_0000369'>low-set ears</z:hpo>, a <z:hpo ids='HP_0011220'>prominent forehead</z:hpo>, <z:hpo ids='HP_0000308'>microretrognathia</z:hpo>) is presented </plain></SENT>
<SENT sid="1" pm="."><plain>His mother has a <z:hpo ids='HP_0009099'>median cleft palate</z:hpo>, <z:e sem="disease" ids="C0018775" disease_type="Disease or Syndrome" abbrv="">bilateral hearing loss</z:e>, single palmar flexion creases, and <z:hpo ids='HP_0004322'>short stature</z:hpo> </plain></SENT>
<SENT sid="2" pm="."><plain>An autosomal or <z:hpo ids='HP_0001417'>X-linked</z:hpo> dominant syndrome with more severe expression in the proband than in his mother is suggested </plain></SENT>
</text></document>