<document xmlns:xlink="http://www.w3.org/1999/xlink" xmlns:z="http://www.ebi.ac.uk/z" source="Whatizit"><text><SENT sid="0" pm="."><plain>We report on an 8-year-old boy with clinical manifestations suggestive of a new <z:hpo ids='HP_0002804'>arthrogryposis</z:hpo> syndrome </plain></SENT>
<SENT sid="1" pm="."><plain>These included characteristic craniofacial abnormalities, <z:hpo ids='HP_0000175'>cleft palate</z:hpo>, <z:hpo ids='HP_0002804'>arthrogryposis multiplex congenita</z:hpo>, <z:hpo ids='HP_0002089'>pulmonary hypoplasia</z:hpo>, <z:hpo ids='HP_0000028'>cryptorchidism</z:hpo>, and unusual ophthalmological findings </plain></SENT>
<SENT sid="2" pm="."><plain>There was no <z:hpo ids='HP_0001511'>intrauterine growth retardation</z:hpo> or <z:hpo ids='HP_0001558'>decreased fetal movements</z:hpo> </plain></SENT>
<SENT sid="3" pm="."><plain>Despite the poor prognosis expected in early life, the patient presented with <z:mpath ids='MPATH_458'>normal</z:mpath> mental capability on follow-up </plain></SENT>
<SENT sid="4" pm="."><plain>Family data showed that a maternal first cousin of the mother (mother's brother's son) had similar findings and died in infancy </plain></SENT>
<SENT sid="5" pm="."><plain>Differential diagnosis included Pena-Shokeir syndrome or phenotype, Gordon syndrome, <z:e sem="disease" ids="C0796033" disease_type="Disease or Syndrome" abbrv="">Marden-Walker syndrome</z:e>, and the syndrome of <z:hpo ids='HP_0002804'>arthrogryposis</z:hpo> with <z:hpo ids='HP_0000602'>ophthalmoplegia</z:hpo> and <z:hpo ids='HP_0000488'>retinopathy</z:hpo> </plain></SENT>
<SENT sid="6" pm="."><plain>The possibility of <z:hpo ids='HP_0000006'>autosomal dominant inheritance</z:hpo> with <z:hpo ids='HP_0003829'>reduced penetrance</z:hpo> is suggested for this apparently new syndrome </plain></SENT>
</text></document>