<document xmlns:xlink="http://www.w3.org/1999/xlink" xmlns:z="http://www.ebi.ac.uk/z" source="Whatizit"><text><SENT sid="0" pm="."><plain>Acromicric <z:mpath ids='MPATH_589'>dysplasia</z:mpath> is a rare bone <z:mpath ids='MPATH_589'>dysplasia</z:mpath> characterised by <z:hpo ids='HP_0004322'>short stature</z:hpo>, <z:hpo ids='HP_0004279'>short hands</z:hpo> and feet, <z:mpath ids='MPATH_458'>normal</z:mpath> intelligence, mild <z:hpo ids='HP_0001999'>facial dysmorphism</z:hpo>, and characteristic x ray <z:hpo ids='HP_0001155'>abnormalities of the hands</z:hpo> </plain></SENT>
<SENT sid="1" pm="."><plain>Only a very small number of children with this condition have been reported so far </plain></SENT>
<SENT sid="2" pm="."><plain>Here we report on a series of 22 patients including 10 boys and 12 girls with acromicric <z:mpath ids='MPATH_589'>dysplasia</z:mpath> </plain></SENT>
<SENT sid="3" pm="."><plain>Length was <z:mpath ids='MPATH_458'>normal</z:mpath> at birth and height fell progressively off the centiles postnatally </plain></SENT>
<SENT sid="4" pm="."><plain>The mean adult height was 130 cm (133 cm in males, 129 cm in females) </plain></SENT>
<SENT sid="5" pm="."><plain>The hands, feet, and limbs were short and OFC was <z:mpath ids='MPATH_458'>normal</z:mpath> </plain></SENT>
<SENT sid="6" pm="."><plain>Intelligence was <z:mpath ids='MPATH_458'>normal</z:mpath> and mild dysmorphic features were noted </plain></SENT>
<SENT sid="7" pm="."><plain>Other occasional features included well developed muscles, a <z:hpo ids='HP_0001609'>hoarse voice</z:hpo>, generalised joint limitation in some patients, frequent ear, tracheal, and respiratory complication, and spine abnormalities </plain></SENT>
<SENT sid="8" pm="."><plain>Long term follow up showed that <z:hpo ids='HP_0001999'>facial dysmorphism</z:hpo> was less obvious in adults and that <z:e sem="disease" ids="C0007286" disease_type="Disease or Syndrome" abbrv="CTS|CTS1">carpal tunnel syndrome</z:e> was frequent in older patients </plain></SENT>
<SENT sid="9" pm="."><plain>Apart from <z:hpo ids='HP_0010049'>short metacarpals</z:hpo> and phalanges, internal notch of the second metacarpal, external notch of the fifth metacarpal, and internal notch of the femoral heads, there were no major x ray abnormalities </plain></SENT>
<SENT sid="10" pm="."><plain>No major complications, such as <z:e sem="disease" ids="C0018799" disease_type="Disease or Syndrome" abbrv="">cardiac disease</z:e> or major orthopaedic problems, occurred in the course of the disease </plain></SENT>
<SENT sid="11" pm="."><plain>The condition appeared to be <z:hpo ids='HP_0003745'>sporadic</z:hpo> in 16 cases but the observation of vertical transmission in three families was consistent with an <z:hpo ids='HP_0000006'>autosomal dominant</z:hpo> <z:hpo ids='HP_0000005'>mode of inheritance</z:hpo> </plain></SENT>
</text></document>