<document xmlns:xlink="http://www.w3.org/1999/xlink" xmlns:z="http://www.ebi.ac.uk/z" source="Whatizit"><text><SENT sid="0" pm="."><plain>Clinical evaluation of children with <z:hpo ids='HP_0002652'>skeletal dysplasias</z:hpo> is often concentrated on morphologic and radiographic assessments, but many of these patients also have disease processes of the ear, nose, and throat </plain></SENT>
<SENT sid="1" pm="."><plain>We report a case of an 11-month-old girl with an unknown <z:hpo ids='HP_0008873'>short-limbed dwarfism</z:hpo>, similar to acromicric <z:mpath ids='MPATH_589'>dysplasia</z:mpath>, with grade II <z:hpo ids='HP_0001607'>subglottic stenosis</z:hpo> </plain></SENT>
<SENT sid="2" pm="."><plain>Laryngotracheoplasty with anterior autologous costal cartilage graft and posterior cricoid split was performed at age 13 months, with subsequent improvement of her airway status </plain></SENT>
<SENT sid="3" pm="."><plain>In cases of children with <z:hpo ids='HP_0002652'>skeletal dysplasias</z:hpo> and obstructive airway symptoms, formal otolaryngologic evaluation is warranted for definitive diagnosis and treatment </plain></SENT>
</text></document>