<document xmlns:xlink="http://www.w3.org/1999/xlink" xmlns:z="http://www.ebi.ac.uk/z" source="Whatizit"><text><SENT sid="0" pm="."><plain>Acromicric <z:mpath ids='MPATH_589'>dysplasia</z:mpath> is a <z:hpo ids='HP_0002652'>skeletal dysplasia</z:hpo> that is characterized by <z:hpo ids='HP_0004322'>short stature</z:hpo>, <z:hpo ids='HP_0004279'>short hands</z:hpo> and feet, typical <z:hpo ids='HP_0001999'>facial dysmorphism</z:hpo>, <z:mpath ids='MPATH_458'>normal</z:mpath> mental development, and characteristic hand radiology </plain></SENT>
<SENT sid="1" pm="."><plain><z:e sem="disease" ids="C0007286" disease_type="Disease or Syndrome" abbrv="CTS|CTS1">Carpal tunnel syndrome</z:e> may be seen in adults with acromicric <z:mpath ids='MPATH_589'>dysplasia</z:mpath>; however, to the authors' knowledge, it has not been reported in pediatric patients </plain></SENT>
<SENT sid="2" pm="."><plain>This article describes a 9-year old boy with bilateral <z:e sem="disease" ids="C0007286" disease_type="Disease or Syndrome" abbrv="CTS|CTS1">carpal tunnel syndrome</z:e> and acromicric <z:mpath ids='MPATH_589'>dysplasia</z:mpath> treated operatively </plain></SENT>
<SENT sid="3" pm="."><plain>No recurrences occurred during 1 year of postoperative follow-up.<z:e sem="disease" ids="C0007286" disease_type="Disease or Syndrome" abbrv="CTS|CTS1">Carpal tunnel syndrome</z:e> is a <z:e sem="disease" ids="C0678236" disease_type="Disease or Syndrome" abbrv="">rare disease</z:e> in childhood </plain></SENT>
<SENT sid="4" pm="."><plain>The etiologic factors of <z:e sem="disease" ids="C0007286" disease_type="Disease or Syndrome" abbrv="CTS|CTS1">carpal tunnel syndrome</z:e> include trauma (especially distal radius epiphysealis), overuse, genetic or <z:e sem="disease" ids="C0025517" disease_type="Disease or Syndrome" abbrv="">metabolic disorders</z:e>, space-occupying lesions in the carpal tunnel, <z:e sem="disease" ids="C0684275,C0019069" disease_type="Disease or Syndrome" abbrv="">hemophilia</z:e>, congenital anomalies, adverse effect of growth hormone replacement therapy, and idiopathic <z:e sem="disease" ids="C0007286" disease_type="Disease or Syndrome" abbrv="CTS|CTS1">carpal tunnel syndrome</z:e> </plain></SENT>
<SENT sid="5" pm="."><plain>Acromicric <z:mpath ids='MPATH_589'>dysplasia</z:mpath> should be considered in the etiology of childhood <z:e sem="disease" ids="C0007286" disease_type="Disease or Syndrome" abbrv="CTS|CTS1">carpal tunnel syndrome</z:e>.The surgical outcome of <z:e sem="disease" ids="C0007286" disease_type="Disease or Syndrome" abbrv="CTS|CTS1">carpal tunnel syndrome</z:e> is good with early diagnosis and treatment </plain></SENT>
<SENT sid="6" pm="."><plain>However, in the case of <z:hpo ids='HP_0002652'>skeletal dysplasia</z:hpo>, the diagnosis of <z:e sem="disease" ids="C0007286" disease_type="Disease or Syndrome" abbrv="CTS|CTS1">carpal tunnel syndrome</z:e> may be delayed due to anomalies of the hand and due to the child's difficulty in expressing symptoms </plain></SENT>
<SENT sid="7" pm="."><plain>Because of the delay in diagnosis of <z:e sem="disease" ids="C0007286" disease_type="Disease or Syndrome" abbrv="CTS|CTS1">carpal tunnel syndrome</z:e> in patients with <z:hpo ids='HP_0002652'>skeletal dysplasia</z:hpo>, the treatment outcomes may not be promising </plain></SENT>
<SENT sid="8" pm="."><plain>Electrophysiologic studies should be performed early when the clinical signs are positive </plain></SENT>
</text></document>