<document xmlns:xlink="http://www.w3.org/1999/xlink" xmlns:z="http://www.ebi.ac.uk/z" source="Whatizit"><text><SENT sid="0" pm="."><plain>Four unrelated patients are reported with <z:hpo ids='HP_0004322'>short stature</z:hpo>, stiffness of the joints, <z:hpo ids='HP_0009803'>short fingers</z:hpo>, inability to make a fist, and <z:hpo ids='HP_0001072'>thickened skin</z:hpo> on the forearms </plain></SENT>
<SENT sid="1" pm="."><plain>Investigations have failed to show a lysosomal storage disorder and radiographs show non-specific changes with a <z:hpo ids='HP_0001216'>delayed carpal bone age</z:hpo> </plain></SENT>
<SENT sid="2" pm="."><plain>The clinical features in the four children are very similar to the recently described acromicric <z:mpath ids='MPATH_589'>dysplasia</z:mpath> </plain></SENT>
<SENT sid="3" pm="."><plain>There are also similarities to <z:e sem="disease" ids="C0265349" disease_type="Disease or Syndrome" abbrv="">Moore-Federman syndrome</z:e> which has only been described in one family </plain></SENT>
<SENT sid="4" pm="."><plain>The case is made that acromicric <z:mpath ids='MPATH_589'>dysplasia</z:mpath> and <z:e sem="disease" ids="C0265349" disease_type="Disease or Syndrome" abbrv="">Moore-Federman syndrome</z:e> are the same entity </plain></SENT>
</text></document>