<document xmlns:xlink="http://www.w3.org/1999/xlink" xmlns:z="http://www.ebi.ac.uk/z" source="Whatizit"><text><SENT sid="0" pm="."><plain>"Geleophysic" <z:mpath ids='MPATH_589'>dysplasia</z:mpath> is a rare <z:hpo ids='HP_0000007'>autosomal recessive</z:hpo> disorder, probably of <z:chebi fb="2" ids="17089">glycoprotein</z:chebi> metabolism, which shares some clinical and roentgenological manifestations with acromicric <z:mpath ids='MPATH_589'>dysplasia</z:mpath> </plain></SENT>
<SENT sid="1" pm="."><plain>We report the clinical, radiological, and pathological data of a patient with the typical picture of progressive <z:hpo ids='HP_0001510'>growth delay</z:hpo>; mild facial anomalies; small, abnormal hands; <z:hpo ids='HP_0001433'>hepatosplenomegaly</z:hpo>; and progressive cardiac valvular lesions </plain></SENT>
<SENT sid="2" pm="."><plain>Electron microscopy of a liver biopsy showed similar and additional changes to those published previously </plain></SENT>
</text></document>