<document xmlns:xlink="http://www.w3.org/1999/xlink" xmlns:z="http://www.ebi.ac.uk/z" source="Whatizit"><text><SENT sid="0" pm="."><plain>Clinically, two unrelated patients, an adult male and a female child, coming from non-consanguineous parents, presented <z:hpo ids='HP_0003510'>dwarfism</z:hpo>, peculiar facies, with <z:hpo ids='HP_0000581'>blepharophimosis</z:hpo>, mongoloid slanted eyes, abundant eyebrows and eyelashes, harsh voice and <z:hpo ids='HP_0004279'>short hands</z:hpo> and feet </plain></SENT>
<SENT sid="1" pm="."><plain>Radiologically, they presented brachymetacarpalia, brachymetatarsalia, and <z:mp ids='MP_0002543'>brachyphalangia</z:mp> of <z:hpo ids='HP_0000001'>all</z:hpo> fingers and toes, shortened and broadened long bones with <z:mpath ids='MPATH_458'>normal</z:mpath> <z:mp ids='MP_0000002'>morphology</z:mp>, <z:hpo ids='HP_0008839'>hypoplastic pelvis</z:hpo> and shape anomalies of the vertebral bodies </plain></SENT>
<SENT sid="2" pm="."><plain>The clinical and radiological concordance and the differential diagnosis, mainly with acromicric <z:mpath ids='MPATH_589'>dysplasia</z:mpath>, allow the characterization of a distinctive <z:e sem="disease" ids="C0029422" disease_type="Disease or Syndrome;Congenital Abnormality" abbrv="">osteochondrodysplasia</z:e> probably due to an <z:hpo ids='HP_0000006'>autosomal dominant</z:hpo> mutation </plain></SENT>
</text></document>