<document xmlns:xlink="http://www.w3.org/1999/xlink" xmlns:z="http://www.ebi.ac.uk/z" source="Whatizit"><text><SENT sid="0" pm="."><plain>We report on a girl with severe <z:hpo ids='HP_0001510'>growth retardation</z:hpo>, characteristic facies, short stubby hands and feet, progressive <z:hpo ids='HP_0001387'>joint stiffness</z:hpo>, mild aortic and <z:hpo ids='HP_0001653'>mitral valve insufficiency</z:hpo>, and <z:mpath ids='MPATH_458'>normal</z:mpath> intelligence </plain></SENT>
<SENT sid="1" pm="."><plain>These features are compatible with the diagnosis acromicric <z:mpath ids='MPATH_589'>dysplasia</z:mpath> </plain></SENT>
<SENT sid="2" pm="."><plain>The differential diagnosis with <z:e sem="disease" ids="C0265349" disease_type="Disease or Syndrome" abbrv="">Moore-Federman syndrome</z:e> and geleophysic <z:mpath ids='MPATH_589'>dysplasia</z:mpath> is discussed; major points to consider in differentiating these entities are the facial appearance, the aspect of the proximal femora, and the presence or absence of storage phenomena </plain></SENT>
<SENT sid="3" pm="."><plain>The differences in pattern of <z:hpo ids='HP_0000005'>inheritance</z:hpo> are important in adequate patient care, especially in genetic counselling </plain></SENT>
<SENT sid="4" pm="."><plain>Conclusion: Acromicric <z:mpath ids='MPATH_589'>dysplasia</z:mpath>, geleophysic <z:mpath ids='MPATH_589'>dysplasia</z:mpath>, and <z:e sem="disease" ids="C0265349" disease_type="Disease or Syndrome" abbrv="">Moore-Federman syndrome</z:e> may be allelic forms of the same disorder or different disturbances of the same metabolic pathway </plain></SENT>
</text></document>