<document xmlns:xlink="http://www.w3.org/1999/xlink" xmlns:z="http://www.ebi.ac.uk/z" source="Whatizit"><text><SENT sid="0" pm="."><plain>We report on a female fetus of 24 weeks whose clinical and radiological findings were compatible with boomerang <z:mpath ids='MPATH_589'>dysplasia</z:mpath> (BD) </plain></SENT>
<SENT sid="1" pm="."><plain>However, histopathology was unusual with a lateral fan shaped diaphyseal ossification </plain></SENT>
<SENT sid="2" pm="."><plain>This has never been described either in typical <z:e sem="disease" ids="C0265283" disease_type="Disease or Syndrome;Congenital Abnormality" abbrv="AOI">atelosteogenesis</z:e> I (AT-I) or in BD </plain></SENT>
<SENT sid="3" pm="."><plain>The purpose of this report is to find out if this condition is a separate lethal bone <z:mpath ids='MPATH_589'>dysplasia</z:mpath> or another histological feature of the nosological group of AT-I and BD </plain></SENT>
</text></document>