<document xmlns:xlink="http://www.w3.org/1999/xlink" xmlns:z="http://www.ebi.ac.uk/z" source="Whatizit"><text><SENT sid="0" pm="."><plain>The Museum Vrolik collection of human <z:mp ids='MP_0000002'>anatomy</z:mp> comprises 360 recently redescribed specimens with congenital anomalies </plain></SENT>
<SENT sid="1" pm="."><plain>The specimen described here dated from 1881 and presented with a general embryonic appearance, <z:hpo ids='HP_0003498'>disproportionate short stature</z:hpo>, <z:hpo ids='HP_0000248'>brachycephaly</z:hpo>, <z:hpo ids='HP_0010537'>widened cranial sutures</z:hpo>, <z:hpo ids='HP_0000316'>hypertelorism</z:hpo>, <z:hpo ids='HP_0007633'>microphthalmia, bilateral</z:hpo> <z:mp ids='MP_0005170'>cleft lip</z:mp> and palate, <z:hpo ids='HP_0000347'>micrognathia</z:hpo>, short and curved limbs, <z:mp ids='MP_0004083'>polysyndactyly</z:mp>, and abnormal female genitalia </plain></SENT>
<SENT sid="2" pm="."><plain>Conventional radiography was hampered by <z:mpath ids='MPATH_48'>decalcification</z:mpath> of the skeleton, due to acidification of the preservation fluid </plain></SENT>
<SENT sid="3" pm="."><plain>The use of additional imaging techniques, i.e., mammography, computerized tomography with three-dimensional reconstruction, and magnetic resonance imaging eventually led us to conclude that the condition of our specimen was similar to Piepkorn type <z:hpo ids='HP_0002652'>skeletal dysplasia</z:hpo>, boomerang <z:mpath ids='MPATH_589'>dysplasia</z:mpath>, and a condition described by Carpenter and Hunter [1982: J Med Genet 19:311-315], though none of these diagnoses seemed fully applicable </plain></SENT>
</text></document>