<document xmlns:xlink="http://www.w3.org/1999/xlink" xmlns:z="http://www.ebi.ac.uk/z" source="Whatizit"><text><SENT sid="0" pm="."><plain>Otopalatodigital syndrome type 2 is an <z:hpo ids='HP_0001417'>X-linked</z:hpo> disorder with minimal expression in carrier females and comprises typical facial anomalies and a generalized bone <z:mpath ids='MPATH_589'>dysplasia</z:mpath> with osteodysplastic changes, <z:mp ids='MP_0002544'>brachydactyly</z:mp>, and impaired survival </plain></SENT>
<SENT sid="1" pm="."><plain>Recently several other severe malformations were reported in the condition </plain></SENT>
<SENT sid="2" pm="."><plain><z:e sem="disease" ids="C0025237" disease_type="Disease or Syndrome" abbrv="">Melnick-Needles syndrome</z:e> is an <z:hpo ids='HP_0001417'>X-linked</z:hpo> dominant disorder </plain></SENT>
<SENT sid="3" pm="."><plain>Affected males are usually <z:hpo ids='HP_0003745'>sporadic</z:hpo> cases </plain></SENT>
<SENT sid="4" pm="."><plain>The exceptional males born to symptomatic women present with a lethal disorder comprising generalized osteodysplasia, deficiency of the first ray, and facial anomalies strikingly similar to those of otopalatodigital syndrome type 2 </plain></SENT>
<SENT sid="5" pm="."><plain>We report here on three boys with classical, severe, and lethal otopalatodigital type 2 syndrome, and three boys with severe (lethal) <z:e sem="disease" ids="C0025237" disease_type="Disease or Syndrome" abbrv="">Melnick-Needles syndrome</z:e>, born to affected mothers </plain></SENT>
<SENT sid="6" pm="."><plain>We suggest that otopalatodigital type 1 and 2, <z:e sem="disease" ids="C0025237" disease_type="Disease or Syndrome" abbrv="">Melnick-Needles syndrome</z:e> and frontometaphyseal <z:mpath ids='MPATH_589'>dysplasia</z:mpath>, sharing many clinical manifestations and a similar <z:hpo ids='HP_0000005'>mode of inheritance</z:hpo>, are variants of the same condition: fronto-otopalatodigital osteodysplasia </plain></SENT>
<SENT sid="7" pm="."><plain>The relationships to similar syndromes (i.e., Saint-Martin-Gardner-Morrisson syndrome, <z:chebi fb="107" ids="46670,9119">serpentine</z:chebi> fibula syndrome, <z:e sem="disease" ids="C0265283" disease_type="Disease or Syndrome;Congenital Abnormality" abbrv="AOI">atelosteogenesis</z:e> type 3, boomerang <z:mpath ids='MPATH_589'>dysplasia</z:mpath>, and Yunis-Varon syndrome) are discussed </plain></SENT>
</text></document>