<document xmlns:xlink="http://www.w3.org/1999/xlink" xmlns:z="http://www.ebi.ac.uk/z" source="Whatizit"><text><SENT sid="0" pm="."><plain>Boomerang <z:mpath ids='MPATH_589'>dysplasia</z:mpath>, <z:e sem="disease" ids="C0265283" disease_type="Disease or Syndrome;Congenital Abnormality" abbrv="AOI">atelosteogenesis</z:e> type 1 and Piepkorn <z:mpath ids='MPATH_589'>dysplasia</z:mpath> are bone <z:mpath ids='MPATH_589'>dysplasias</z:mpath> with an overlapping clinical spectrum characterized by deficient formation and ossification of specific elements of the skeleton </plain></SENT>
<SENT sid="1" pm="."><plain>Typical symptoms include <z:hpo ids='HP_0002983'>micromelia</z:hpo> with diminished ossification, and a characteristic bowed and boomerang-like aspect of the long tubular bones </plain></SENT>
<SENT sid="2" pm="."><plain>We report here a new case of boomerang <z:mpath ids='MPATH_589'>dysplasia</z:mpath>, which was detected prenatally in the 16th week of gestation by ultrasound </plain></SENT>
</text></document>