<document xmlns:xlink="http://www.w3.org/1999/xlink" xmlns:z="http://www.ebi.ac.uk/z" source="Whatizit"><text><SENT sid="0" pm="."><plain>The authors report a case of lethal neonatal <z:hpo ids='HP_0003510'>dwarfism</z:hpo> characterized by striking <z:hpo ids='HP_0002983'>micromelia</z:hpo>, fused rudimentary and supernumerary digits, large, soft head, pronounced <z:hpo ids='HP_0000316'>hypertelorism</z:hpo>, <z:hpo ids='HP_0000520'>protruding eyes</z:hpo> set laterally, enormous <z:hpo ids='HP_0001539'>omphalocele</z:hpo> and severe deficiency of tubular bone and spine ossification </plain></SENT>
<SENT sid="1" pm="."><plain>Histologic examination showed lack of ossification of the cartilaginous anlage of many tubular bones </plain></SENT>
<SENT sid="2" pm="."><plain>The cartilage had irregularly distributed chondrocytes </plain></SENT>
<SENT sid="3" pm="."><plain>The matrix contained hypocellular and degenerated areas with scattered large chondrocytes </plain></SENT>
<SENT sid="4" pm="."><plain>In a few bones a very disorganized growth cartilage was present </plain></SENT>
<SENT sid="5" pm="."><plain>The case is similar to that described by Piepkorn et al </plain></SENT>
<SENT sid="6" pm="."><plain>(1977) and may represent a severe form of "boomerang <z:mpath ids='MPATH_589'>dysplasia</z:mpath>" (Kozlowski et al., 1981; Tenconi et al., 1983; Kozlowski et al., 1985; Winship et al., 1990) </plain></SENT>
</text></document>