<document xmlns:xlink="http://www.w3.org/1999/xlink" xmlns:z="http://www.ebi.ac.uk/z" source="Whatizit"><text><SENT sid="0" pm="."><plain>Boomerang <z:mpath ids='MPATH_589'>dysplasia</z:mpath> (BD) is a perinatal lethal <z:e sem="disease" ids="C0029422" disease_type="Disease or Syndrome;Congenital Abnormality" abbrv="">osteochondrodysplasia</z:e>, characterised by absence or underossification of the limb bones and vertebrae </plain></SENT>
<SENT sid="1" pm="."><plain>The BD phenotype is similar to a group of disorders including <z:e sem="disease" ids="C0265283" disease_type="Disease or Syndrome;Congenital Abnormality" abbrv="AOI">atelosteogenesis</z:e> I, <z:e sem="disease" ids="C0265283" disease_type="Disease or Syndrome;Congenital Abnormality" abbrv="AOI">atelosteogenesis</z:e> III, and dominantly inherited <z:e sem="disease" ids="C0175778" disease_type="Disease or Syndrome;Congenital Abnormality" abbrv="">Larsen syndrome</z:e> that we have recently shown to be associated with mutations in FLNB, the gene encoding the actin binding cytoskeletal protein, filamin B </plain></SENT>
<SENT sid="2" pm="."><plain>We report the identification of mutations in FLNB in two unrelated individuals with boomerang <z:mpath ids='MPATH_589'>dysplasia</z:mpath> </plain></SENT>
<SENT sid="3" pm="."><plain>The resultant substitutions, L171R and S235P, lie within the calponin homology 2 region of the actin binding domain of filamin B and occur at sites that are evolutionarily well conserved </plain></SENT>
<SENT sid="4" pm="."><plain>These findings expand the phenotypic spectrum resulting from mutations in FLNB and underline the central role this protein plays during skeletogenesis in humans </plain></SENT>
</text></document>