<document xmlns:xlink="http://www.w3.org/1999/xlink" xmlns:z="http://www.ebi.ac.uk/z" source="Whatizit"><text><SENT sid="0" pm="."><plain>Filamin B (FLNB) is a cytoplasmic protein that regulates the cytoskeletal network by cross-linking actin, linking cell membrane to the cytoskeleton and regulating intracellular signaling pathways responsible for skeletal development (Stossel, T.P., Condeelis, J., Cooley, L., Hartwig, J.H., Noegel, A., Schleicher, M. and Shapiro, S.S </plain></SENT>
<SENT sid="1" pm="."><plain>(2001) Filamins as integrators of cell mechanics and signalling </plain></SENT>
<SENT sid="2" pm="."><plain>Nat </plain></SENT>
<SENT sid="3" pm="."><plain>Rev </plain></SENT>
<SENT sid="4" pm="."><plain>Mol </plain></SENT>
<SENT sid="5" pm="."><plain>Cell Biol., 2, 138-145) </plain></SENT>
<SENT sid="6" pm="."><plain>Mutations in FLNB cause human <z:e sem="disease" ids="C0263661" disease_type="Disease or Syndrome" abbrv="">skeletal disorders</z:e> [boomerang <z:mpath ids='MPATH_589'>dysplasia</z:mpath>, spondylocarpotarsal (SCT), Larsen, and <z:e sem="disease" ids="C0265283" disease_type="Disease or Syndrome;Congenital Abnormality" abbrv="AOI">atelosteogenesis</z:e> I/III syndromes], which are characterized by disrupted vertebral segmentation, joint formation and endochondral ossification [Krakow, D., Robertson, S.P., King, L.M., Morgan, T., Sebald, E.T., Bertolotto, C., Wachsmann-Hogiu, S., Acuna, D., Shapiro, S.S., Takafuta, T. et al </plain></SENT>
<SENT sid="7" pm="."><plain>(2004) Mutations in the gene encoding filamin B disrupt vertebral segmentation, joint formation and skeletogenesis </plain></SENT>
<SENT sid="8" pm="."><plain>Nat </plain></SENT>
<SENT sid="9" pm="."><plain>Genet., 36, 405-410; Bicknell, L.S., Morgan, T., Bonafe, L., Wessels, M.W., Bialer, M.G., Willems, P.J., Cohn, D.H., Krakow, D. and Robertson, S.P </plain></SENT>
<SENT sid="10" pm="."><plain>(2005) Mutations in FLNB cause boomerang <z:mpath ids='MPATH_589'>dysplasia</z:mpath> </plain></SENT>
<SENT sid="11" pm="."><plain>J </plain></SENT>
<SENT sid="12" pm="."><plain>Med </plain></SENT>
<SENT sid="13" pm="."><plain>Genet., 42, e43] </plain></SENT>
<SENT sid="14" pm="."><plain>Here we show that Flnb deficient mice have shortened distal limbs with <z:mp ids='MP_0001265'>small body size</z:mp>, and develop fusion of the ribs and vertebrae, abnormal spinal curvatures, and dysmorphic facial/calvarial bones, similar to the human phenotype </plain></SENT>
<SENT sid="15" pm="."><plain>Characterization of the mutant mice demonstrated <z:mp ids='MP_0006042'>increased apoptosis</z:mp> along the bone periphery of the distal appendages, consistent with reduced bone width </plain></SENT>
<SENT sid="16" pm="."><plain>No changes in the initial proliferative rate of chondrocytes were observed, but the progressive differentiation of chondrocyte precursors was impaired, consistent with reduced bone length </plain></SENT>
<SENT sid="17" pm="."><plain>The extracellular matrix appeared disrupted and phosphorylated beta1-integrin (a collagen receptor and Flnb binding partner) expression was diminished in the mutant growth plate </plain></SENT>
<SENT sid="18" pm="."><plain>Like integrin-deficient chondrocytes, <z:e sem="disease" ids="C0001511" disease_type="Disease or Syndrome;Acquired Abnormality" abbrv="">adhesion</z:e> to the ECM was decreased in Flnb(-/-) chondrocytes, and inhibition of beta1-integrin in these cells led to further impairments in cell spreading </plain></SENT>
<SENT sid="19" pm="."><plain>These data suggest that disruption of the ECM-beta1-integrin-Flnb pathway contributes to defects in vertebral and distal limb development, similar to those seen in the human <z:hpo ids='HP_0000007'>autosomal recessive</z:hpo> SCT due to Flnb mutations </plain></SENT>
</text></document>