<document xmlns:xlink="http://www.w3.org/1999/xlink" xmlns:z="http://www.ebi.ac.uk/z" source="Whatizit"><text><SENT sid="0" pm="."><plain>We report on a patient whose clinical, radiologic, and histopathologic findings are compatible with the Piepkorn type of lethal short-limb <z:e sem="disease" ids="C0029422" disease_type="Disease or Syndrome;Congenital Abnormality" abbrv="">osteochondrodysplasia</z:e>, but who also showed multinucleated giant chondrocytes in cartilage </plain></SENT>
<SENT sid="1" pm="."><plain>Multinucleated giant cells are an unusual finding in <z:e sem="disease" ids="C0029422" disease_type="Disease or Syndrome;Congenital Abnormality" abbrv="">osteochondrodysplasias</z:e>, having been reported in <z:e sem="disease" ids="C0265283" disease_type="Disease or Syndrome;Congenital Abnormality" abbrv="AOI">atelosteogenesis</z:e> type I and boomerang <z:mpath ids='MPATH_589'>dysplasia</z:mpath> </plain></SENT>
<SENT sid="2" pm="."><plain>This uncommon histopathologic finding and the clinical and radiographic findings strongly support the diagnosis of boomerang <z:mpath ids='MPATH_589'>dysplasia</z:mpath> in the present patient </plain></SENT>
<SENT sid="3" pm="."><plain>Our patient supports the previously suggested existence of an entity including <z:e sem="disease" ids="C0265283" disease_type="Disease or Syndrome;Congenital Abnormality" abbrv="AOI">atelosteogenesis</z:e> and boomerang <z:mpath ids='MPATH_589'>dysplasia</z:mpath> </plain></SENT>
<SENT sid="4" pm="."><plain>If this is so, the current patient and that described by Piepkorn et al </plain></SENT>
<SENT sid="5" pm="."><plain>[1977: Teratology 16:345-350] could represent the most severe clinical expression of that condition </plain></SENT>
</text></document>