<document xmlns:xlink="http://www.w3.org/1999/xlink" xmlns:z="http://www.ebi.ac.uk/z" source="Whatizit"><text><SENT sid="0" pm="."><plain>We report on 2 cases of otopalatodigital syndrome type II (OPD II) with atypical skeletal changes, overlapping those of boomerang <z:mpath ids='MPATH_589'>dysplasia</z:mpath>, <z:e sem="disease" ids="C0265283" disease_type="Disease or Syndrome;Congenital Abnormality" abbrv="AOI">atelosteogenesis</z:e> type I (AO I) and type III (AO III), and the lethal male phenotype of <z:e sem="disease" ids="C0025237" disease_type="Disease or Syndrome" abbrv="">Melnick-Needles syndrome</z:e> </plain></SENT>
<SENT sid="1" pm="."><plain>One patient exhibited strikingly broad, bowed femora, which resembled those of boomerang <z:mpath ids='MPATH_589'>dysplasia</z:mpath> </plain></SENT>
<SENT sid="2" pm="."><plain>The other patient possessed conspicuous undertubulation of the long bones, defective ossification of the spine, and severe undermineralization of the calvaria, which may have caused diagnostic <z:hpo ids='HP_0001289'>confusion</z:hpo> with AO I, AO III, and the lethal male phenotype of <z:e sem="disease" ids="C0025237" disease_type="Disease or Syndrome" abbrv="">Melnick-Needles syndrome</z:e> </plain></SENT>
<SENT sid="3" pm="."><plain>OPD II is transmitted as an <z:hpo ids='HP_0001417'>X-linked</z:hpo> recessive trait, whereas AO I, AO III, and boomerang <z:mpath ids='MPATH_589'>dysplasia</z:mpath> are considered to result from a new dominant mutation, and <z:e sem="disease" ids="C0025237" disease_type="Disease or Syndrome" abbrv="">Melnick-Needles syndrome</z:e> is inherited as an <z:hpo ids='HP_0001417'>X-linked</z:hpo> dominant trait </plain></SENT>
<SENT sid="4" pm="."><plain>Accordingly, differential diagnosis is mandatory to provide the affected families with adequate genetic counseling </plain></SENT>
<SENT sid="5" pm="."><plain>Awareness of these skeletal changes in OPD II will prevent the misdiagnosis of this entity as other disorders </plain></SENT>
<SENT sid="6" pm="."><plain>Furthermore, the phenotypic overlap among these disorders may expand the entities that constitute the OPD-Larsen <z:mpath ids='MPATH_589'>dysplasia</z:mpath> family proposed by Spranger [1985] </plain></SENT>
</text></document>