<document xmlns:xlink="http://www.w3.org/1999/xlink" xmlns:z="http://www.ebi.ac.uk/z" source="Whatizit"><text><SENT sid="0" pm="."><plain>Adenylosuccinase deficiency is an <z:hpo ids='HP_0000007'>autosomal recessive</z:hpo> inherited defect of <z:chebi fb="0" ids="35584">purine</z:chebi> synthesis </plain></SENT>
<SENT sid="1" pm="."><plain>In enzyme deficient patients, two normally undetectable compounds, succinylaminoimidazole <z:chebi fb="0" ids="23004,37622">carboxamide</z:chebi> riboside and succinyladenosine, accumulate in urine, cerebrospinal fluid and, to a minor extent, in plasma </plain></SENT>
<SENT sid="2" pm="."><plain>Analysing 150 highly selected urine specimens from patients with unidentified neurogenerative disorders we discovered the first two German cases of adenylosuccinase deficiency </plain></SENT>
<SENT sid="3" pm="."><plain>The deficiency causes moderate to <z:hpo ids='HP_0010864'>severe mental retardation</z:hpo>, often accompanied by <z:e sem="disease" ids="C0014544" disease_type="Disease or Syndrome" abbrv="">epileptic</z:e> <z:hpo ids='HP_0001250'>seizures</z:hpo> and/or autistic features, and is occasionally associated with <z:hpo ids='HP_0001510'>growth retardation</z:hpo> and <z:hpo ids='HP_0001252'>muscular hypotonia</z:hpo> </plain></SENT>
<SENT sid="4" pm="."><plain>Of the two German cases we present here, one patient fits into the clinical picture outlined by previous reports </plain></SENT>
<SENT sid="5" pm="."><plain>The other patient, however, shows a pattern of symptoms so far undescribed: severe early infantile <z:e sem="disease" ids="C0014544" disease_type="Disease or Syndrome" abbrv="">epileptic</z:e> <z:hpo ids='HP_0001298'>encephalopathy</z:hpo> with <z:mp ids='MP_0000921'>reduced myelination</z:mp> </plain></SENT>
<SENT sid="6" pm="."><plain>On mutation analysis this patient is the first to reveal a 39 base pair deletion in the adenylosuccinase gene in contrast to the point mutations detected in previous cases </plain></SENT>
<SENT sid="7" pm="."><plain>Adenylosuccinase deficiency may be an underdiagnosed <z:e sem="disease" ids="C0025517" disease_type="Disease or Syndrome" abbrv="">metabolic disorder</z:e> with variable expression </plain></SENT>
<SENT sid="8" pm="."><plain>This should be taken into consideration in patients with unclassified neurological conditions </plain></SENT>
</text></document>