<document xmlns:xlink="http://www.w3.org/1999/xlink" xmlns:z="http://www.ebi.ac.uk/z" source="Whatizit"><text><SENT sid="0" pm="."><plain>Adenylosuccinase deficiency, an <z:hpo ids='HP_0000007'>autosomal recessive</z:hpo> inborn error of <z:chebi fb="0" ids="35584">purine</z:chebi> synthesis, was first described in 1984 by Jaeken and Van den Berghe (reviewed in J Inher Metab Dis 20;1997:193) </plain></SENT>
<SENT sid="1" pm="."><plain>The cardinal features are variable <z:hpo ids='HP_0001263'>psychomotor delay</z:hpo> often accompanied by <z:e sem="disease" ids="C0014544" disease_type="Disease or Syndrome" abbrv="">epilepsy</z:e> and autistic features </plain></SENT>
<SENT sid="2" pm="."><plain>Diagnosis is made by detection of abnormal <z:chebi fb="0" ids="35584">purine</z:chebi> metabolites in body fluids </plain></SENT>
<SENT sid="3" pm="."><plain>We report a girl who presented with early <z:hpo ids='HP_0003674'>onset</z:hpo> <z:e sem="disease" ids="C0014544" disease_type="Disease or Syndrome" abbrv="">epilepsy</z:e>, associated with acquired <z:hpo ids='HP_0000252'>microcephaly</z:hpo> and severe <z:hpo ids='HP_0001263'>psychomotor retardation</z:hpo>, as the most prominent symptoms </plain></SENT>
</text></document>