<document xmlns:xlink="http://www.w3.org/1999/xlink" xmlns:z="http://www.ebi.ac.uk/z" source="Whatizit"><text><SENT sid="0" pm="."><plain>Patients with inherited adenylosuccinase deficiency excrete large quantities of succinyloaminoimidazolecarboxamide riboside (SAICAR) and succinyloadenosine (SAdo) </plain></SENT>
<SENT sid="1" pm="."><plain>A two-dimensional thin-layer chromatography method for the detection of SAICAR is described </plain></SENT>
<SENT sid="2" pm="."><plain>The method consists of isolation of <z:chebi fb="0" ids="14434,16069">imidazoles</z:chebi> with a <z:chebi fb="36" ids="36916">cation</z:chebi> exchange resin; TLC on cellulose plates, solvent I, isopropanol-ammonia 10% (4:1) and II, butanol-<z:chebi fb="22" ids="15366">acetic acid</z:chebi>-water (4:1:1); detection with Pauly reagent </plain></SENT>
<SENT sid="3" pm="."><plain>SAICAR gives rise to an isolated spot with a characteristic bluish color </plain></SENT>
<SENT sid="4" pm="."><plain>Also a simple one-dimensional thin-layer chromatography method using urine without any pretreatment for screening of high risk populations is given </plain></SENT>
<SENT sid="5" pm="."><plain>Four new cases could be diagnosed </plain></SENT>
<SENT sid="6" pm="."><plain>Clinical and chemical data, including concentrations of SAICAR and SAdo in urine, plasma and cerebrospinal fluid, determined by <z:chebi fb="36" ids="36916">cation</z:chebi> exchange column chromatography, are presented </plain></SENT>
</text></document>