<document xmlns:xlink="http://www.w3.org/1999/xlink" xmlns:z="http://www.ebi.ac.uk/z" source="Whatizit"><text><SENT sid="0" pm="."><plain>An automated screening system for <z:chebi fb="0" ids="35584">purine</z:chebi> and <z:chebi fb="0" ids="16898">pyrimidine</z:chebi> <z:e sem="disease" ids="C0025517" disease_type="Disease or Syndrome" abbrv="">metabolism disorders</z:e> using high-performance liquid chromatography (HPLC) with column switching is described </plain></SENT>
<SENT sid="1" pm="."><plain>The system consists of a reversed-phase column, a <z:chebi fb="36" ids="36916">cation</z:chebi>-exchange column, a column switch, four sets of ultraviolet absorbance detectors, a microcomputer and other conventional equipment </plain></SENT>
<SENT sid="2" pm="."><plain>As this system permits the simultaneous determination of urinary <z:chebi fb="0" ids="16742">orotic acid</z:chebi>, <z:chebi fb="0" ids="17568">uracil</z:chebi>, dihydrouracil, <z:chebi fb="0" ids="17802">pseudouridine</z:chebi>, <z:chebi fb="1" ids="15318,17712">xanthine</z:chebi>, 2,8-dihydroxyadenine and succinyladenosine, it offers a useful method for the detection of orotic <z:hpo ids='HP_0012072'>aciduria</z:hpo>, <z:e sem="disease" ids="C0268132" disease_type="Disease or Syndrome" abbrv="">dihydropyrimidine dehydrogenase deficiency</z:e>, dihydropyrimidinuria, <z:hpo ids='HP_0010934'>xanthinuria</z:hpo>, <z:chebi fb="1" ids="16708">adenine</z:chebi> phosphoribosyltransferase deficiency and adenylosuccinase deficiency </plain></SENT>
</text></document>