<document xmlns:xlink="http://www.w3.org/1999/xlink" xmlns:z="http://www.ebi.ac.uk/z" source="Whatizit"><text><SENT sid="0" pm="."><plain>Clinical and biochemical data are presented on an Italian patient with adenylosuccinase deficiency of both erythrocytes and mixed peripheral blood lymphocytes </plain></SENT>
<SENT sid="1" pm="."><plain>The erythrocyte enzyme showed <z:mpath ids='MPATH_458'>normal</z:mpath> substrate affinity, but decreased thermal stability </plain></SENT>
<SENT sid="2" pm="."><plain>The patient displayed an anomalous response to an intravenous <z:chebi fb="15" ids="28757">fructose</z:chebi> tolerance test with a rise in plasma [Mg2+] and <z:chebi fb="0" ids="29103">[K+]</z:chebi> and a drop in plasma levels of inorganic phosphate, <z:chebi fb="105" ids="17234">glucose</z:chebi>, urate and succinylnucleosides upon <z:chebi fb="15" ids="28757">fructose</z:chebi> injection </plain></SENT>
</text></document>