<document xmlns:xlink="http://www.w3.org/1999/xlink" xmlns:z="http://www.ebi.ac.uk/z" source="Whatizit"><text><SENT sid="0" pm="."><plain>We report a male infant with adenylosuccinase deficiency who developed <z:e sem="disease" ids="C0014544" disease_type="Disease or Syndrome" abbrv="">epileptic</z:e> <z:hpo ids='HP_0001250'>seizures</z:hpo> on the second day of life </plain></SENT>
<SENT sid="1" pm="."><plain>Growth was <z:mpath ids='MPATH_458'>normal</z:mpath> and <z:hpo ids='HP_0001250'>seizures</z:hpo> were well controlled with anti-<z:e sem="disease" ids="C0014544" disease_type="Disease or Syndrome" abbrv="">epileptic</z:e> drugs </plain></SENT>
<SENT sid="2" pm="."><plain>Despite <z:hpo ids='HP_0008936'>axial hypotonia</z:hpo> associated with peripheral <z:hpo ids='HP_0001276'>hypertonicity</z:hpo> he presented some development until seven months of age, when he developed high <z:hpo ids='HP_0001945'>fever</z:hpo> and died within a few hours </plain></SENT>
<SENT sid="3" pm="."><plain>Although clinical <z:hpo ids='HP_0001425'>heterogeneity</z:hpo> in this disorder of <z:chebi fb="0" ids="35584">purine</z:chebi> synthesis and interconversion is well-known, in 14 out of 17 cases who experienced <z:e sem="disease" ids="C0014544" disease_type="Disease or Syndrome" abbrv="">epilepsy</z:e> <z:hpo ids='HP_0001250'>seizures</z:hpo> started after the first year of life </plain></SENT>
<SENT sid="4" pm="."><plain>The early presentation in our index patient followed by his <z:hpo ids='HP_0001699'>sudden death</z:hpo> at the age of 7 months has not been described before </plain></SENT>
<SENT sid="5" pm="."><plain>A search for disorders of <z:chebi fb="0" ids="35584">purine</z:chebi> metabolism should be included in the screening programme for every child with severe neonatal <z:mp ids='MP_0000947'>convulsions</z:mp> </plain></SENT>
</text></document>