<document xmlns:xlink="http://www.w3.org/1999/xlink" xmlns:z="http://www.ebi.ac.uk/z" source="Whatizit"><text><SENT sid="0" pm="."><plain>Oral supplementation of 10 mmol/kg/day of <z:chebi fb="0" ids="16988,47013,47014">D-ribose</z:chebi> to a patient with an inherited deficit of adenylosuccinase, severe <z:hpo ids='HP_0001263'>psychomotor retardation</z:hpo>, and <z:e sem="disease" ids="C0014544" disease_type="Disease or Syndrome" abbrv="">epilepsy</z:e> caused a marked increase in plasma concentration and urinary excretion of urate, while minor changes in succinylpurine levels were observed </plain></SENT>
<SENT sid="1" pm="."><plain><z:chebi fb="0" ids="16988,47013,47014">D-Ribose</z:chebi> administration was accompanied by a slight improvement of behaviour and a progressive reduction of <z:hpo ids='HP_0001250'>seizure</z:hpo> frequency, which increased dramatically upon two attempts to withdraw the drug </plain></SENT>
<SENT sid="2" pm="."><plain>Substitution of <z:chebi fb="0" ids="16988,47013,47014">D-ribose</z:chebi> with an equivalent amount of <z:chebi fb="0" ids="4167">D-glucose</z:chebi> did not result in an increase of <z:hpo ids='HP_0001250'>seizure</z:hpo> frequency </plain></SENT>
</text></document>